,County,Income,State
1,Autauga,53079,Alabama
2,Baldwin,60969,Alabama
3,Barbour,41531,Alabama
4,Bibb,39835,Alabama
5,Blount,45021,Alabama
6,Bullock,36061,Alabama
7,Butler,49192,Alabama
8,Calhoun,44737,Alabama
9,Chambers,40735,Alabama
10,Cherokee,45099,Alabama
11,Chilton,46120,Alabama
12,Choctaw,49356,Alabama
13,Clarke,47362,Alabama
14,Clay,39082,Alabama
15,Cleburne,44266,Alabama
16,Coffee,53573,Alabama
17,Colbert,47137,Alabama
18,Conecuh,42999,Alabama
19,Coosa,40420,Alabama
20,Covington,43081,Alabama
21,Crenshaw,47732,Alabama
22,Cullman,50812,Alabama
23,Dale,45756,Alabama
24,Dallas,45618,Alabama
25,DeKalb,41750,Alabama
26,Elmore,51950,Alabama
27,Escambia,42089,Alabama
28,Etowah,45062,Alabama
29,Fayette,42346,Alabama
30,Franklin,42272,Alabama
31,Geneva,43566,Alabama
32,Greene,39811,Alabama
33,Hale,46181,Alabama
34,Henry,53701,Alabama
35,Houston,54541,Alabama
36,Jackson,45322,Alabama
37,Jefferson,71275,Alabama
38,Lamar,41514,Alabama
39,Lauderdale,47168,Alabama
40,Lawrence,44413,Alabama
41,Lee,48511,Alabama
42,Limestone,57194,Alabama
43,Lowndes,52211,Alabama
44,Macon,41172,Alabama
45,Madison,66005,Alabama
46,Marengo,50216,Alabama
47,Marion,45211,Alabama
48,Marshall,48602,Alabama
49,Mobile,50513,Alabama
50,Monroe,43607,Alabama
51,Montgomery,53891,Alabama
52,Morgan,49630,Alabama
53,Perry,43279,Alabama
54,Pickens,42292,Alabama
55,Pike,49237,Alabama
56,Randolph,42104,Alabama
57,Russell,41186,Alabama
58,St. Clair,50493,Alabama
59,Shelby,71565,Alabama
60,Sumter,41168,Alabama
61,Talladega,43284,Alabama
62,Tallapoosa,51662,Alabama
63,Tuscaloosa,44456,Alabama
64,Walker,51485,Alabama
66,Wilcox,41486,Washington
67,Winston,44873,Washington
70,Aleutians East Borough,65421,Alaska
71,Aleutians West Census Area,72234,Alaska
72,Anchorage Municipality,79183,Alaska
73,Bethel Census Area,48831,Alaska
74,Bristol Bay Borough,169751,Alaska
75,Chugach Census Area,75423,Alaska
76,Copper River Census Area,58759,Alaska
77,Denali Borough,127445,Alaska
78,Dillingham Census Area,65625,Alaska
79,Fairbanks North Star Borough,69775,Alaska
80,Haines Borough,91194,Alaska
81,Hoonah-Angoon Census Area,73176,Alaska
82,Juneau City and Borough,82234,Alaska
83,Kenai Peninsula Borough,62052,Alaska
84,Ketchikan Gateway Borough,76446,Alaska
85,Kodiak Island Borough,76625,Alaska
86,Kusilvak Census Area,36808,Alaska
87,Lake and Peninsula Borough,74906,Alaska
88,Matanuska-Susitna Borough,60538,Alaska
89,Nome Census Area,63573,Alaska
90,North Slope Borough,85731,Alaska
91,Northwest Arctic Borough,57442,Alaska
92,Petersburg Borough,78454,Alaska
93,Prince of Wales-Hyder Census Area,55055,Alaska
94,Sitka City and Borough,85253,Alaska
95,Skagway Municipality,82617,Alaska
96,Southeast Fairbanks Census Area,62909,Alaska
97,Wrangell City and Borough,65946,Alaska
98,Yakutat City and Borough,65099,Alaska
99,Yukon-Koyukuk Census Area,69573,Alaska
102,Apache,47885,Arizona
103,Cochise,53304,Arizona
104,Coconino,62002,Arizona
105,Gila,52984,Arizona
106,Graham,42787,Arizona
107,Greenlee,57359,Arizona
108,La Paz,58739,Arizona
109,Maricopa,68111,Arizona
110,Mohave,46777,Arizona
111,Navajo,44667,Arizona
112,Pima,58232,Arizona
113,Pinal,49829,Arizona
114,Santa Cruz,49416,Arizona
115,Yavapai,55913,Arizona
116,Yuma,46441,Arizona
120,Ashley,46686,Arkansas
121,Baxter,46819,Arkansas
122,Benton,123114,Arkansas
123,Boone,44528,Arkansas
124,Bradley,48387,Arkansas
125,Calhoun,49037,Arkansas
126,Carroll,41516,Arkansas
127,Chicot,49835,Arkansas
128,Clark,44397,Arkansas
129,Clay,46032,Arkansas
130,Cleburne,51355,Arkansas
131,Cleveland,50996,Arkansas
132,Columbia,48542,Arkansas
133,Conway,49464,Arkansas
134,Craighead,49625,Arkansas
135,Crawford,43595,Arkansas
136,Crittenden,47271,Arkansas
137,Cross,45553,Arkansas
138,Dallas,48893,Arkansas
139,Desha,51547,Arkansas
140,Drew,48730,Arkansas
141,Faulkner,51017,Arkansas
142,Franklin,42944,Arkansas
143,Fulton,36218,Arkansas
144,Garland,52506,Arkansas
145,Grant,50128,Arkansas
146,Greene,43710,Arkansas
147,Hempstead,42015,Arkansas
148,Hot Spring,39936,Arkansas
149,Howard,44311,Arkansas
150,Independence,47318,Arkansas
151,Izard,38281,Arkansas
152,Jackson,49638,Arkansas
153,Jefferson,43046,Arkansas
154,Johnson,35549,Arkansas
155,Lafayette,50109,Arkansas
156,Lawrence,43536,Arkansas
157,Lee,37402,Arkansas
158,Lincoln,32565,Arkansas
159,Little River,42731,Arkansas
160,Logan,40613,Arkansas
161,Lonoke,51952,Arkansas
162,Madison,42673,Arkansas
163,Marion,39163,Arkansas
164,Miller,42293,Arkansas
166,Monroe,45511,Mississippi
167,Montgomery,40367,Mississippi
169,Newton,39704,Nevada
170,Ouachita,51167,Nevada
171,Perry,47868,Nevada
172,Phillips,46576,Nevada
173,Pike,42381,Nevada
174,Poinsett,46750,Nevada
175,Polk,39863,Nevada
176,Pope,43838,Nevada
177,Prairie,49123,Nevada
178,Pulaski,65851,Nevada
179,Randolph,41112,Nevada
180,St. Francis,37401,Nevada
181,Saline,54851,Nevada
182,Scott,38982,Nevada
183,Searcy,35719,Nevada
184,Sebastian,50348,Nevada
185,Sevier,42946,Nevada
186,Sharp,43491,Nevada
187,Stone,39075,Nevada
188,Union,56838,Nevada
189,Van Buren,41926,Nevada
191,White,46269,Washington
192,Woodruff,57492,Washington
193,Yell,44170,Washington
196,Alameda,106657,California
197,Alpine,75395,California
198,Amador,50020,California
199,Butte,56847,California
200,Calaveras,58425,California
201,Colusa,58303,California
202,Contra Costa,103218,California
203,Del Norte,47141,California
204,El Dorado,84533,California
205,Fresno,52728,California
206,Glenn,53013,California
207,Humboldt,57264,California
208,Imperial,47991,California
209,Inyo,64246,California
210,Kern,47350,California
211,Kings,43994,California
212,Lake,48198,California
213,Lassen,43736,California
214,Los Angeles,78302,California
215,Madera,46709,California
216,Marin,180575,California
217,Mariposa,65423,California
218,Mendocino,59050,California
219,Merced,46654,California
220,Modoc,60674,California
221,Mono,70699,California
222,Monterey,68943,California
223,Napa,94973,California
225,Orange,88897,Nevada
226,Placer,85265,Nevada
227,Plumas,64856,Nevada
228,Riverside,53750,Nevada
229,Sacramento,65104,Nevada
230,San Benito,66310,Nevada
231,San Bernardino,51194,Nevada
232,San Diego,79122,Nevada
233,San Francisco,164807,Nevada
234,San Joaquin,59361,Nevada
235,San Luis Obispo,72721,Nevada
236,San Mateo,172828,Nevada
237,Santa Barbara,82736,Nevada
238,Santa Clara,151003,Nevada
239,Santa Cruz,88581,Nevada
240,Shasta,57637,Nevada
241,Sierra,53251,Nevada
242,Siskiyou,55052,Nevada
243,Solano,64514,Nevada
244,Sonoma,83408,Nevada
245,Stanislaus,53058,Nevada
246,Sutter,53900,Nevada
247,Tehama,49265,Nevada
248,Trinity,38243,Nevada
249,Tulare,48253,Nevada
250,Tuolumne,56239,Nevada
251,Ventura,78091,Nevada
252,Yolo,67778,Nevada
253,Yuba,50587,Nevada
256,Adams,58851,Colorado
257,Alamosa,44666,Colorado
258,Arapahoe,81414,Colorado
259,Archuleta,58325,Colorado
260,Baca,60686,Colorado
261,Bent,34152,Colorado
262,Boulder,100242,Colorado
263,Broomfield,90712,Colorado
264,Chaffee,66503,Colorado
265,Cheyenne,83285,Colorado
266,Clear Creek,78739,Colorado
267,Conejos,46523,Colorado
268,Costilla,40830,Colorado
269,Crowley,25013,Colorado
270,Custer,53797,Colorado
271,Delta,50137,Colorado
272,Denver,116530,Colorado
273,Dolores,40158,Colorado
274,Douglas,102928,Colorado
275,Eagle,128041,Colorado
276,Elbert,76970,Colorado
277,El Paso,65715,Colorado
278,Fremont,43608,Colorado
279,Garfield,71629,Colorado
280,Gilpin,69394,Colorado
281,Grand,73848,Colorado
282,Gunnison,70391,Colorado
283,Hinsdale,70643,Colorado
284,Huerfano,49718,Colorado
285,Jackson,68367,Colorado
286,Jefferson,85164,Colorado
287,Kiowa,74467,Colorado
288,Kit Carson,55134,Colorado
289,Lake,53990,Colorado
290,La Plata,76558,Colorado
291,Larimer,71359,Colorado
292,Las Animas,47010,Colorado
293,Lincoln,41629,Colorado
294,Logan,55137,Colorado
295,Mesa,57653,Colorado
296,Mineral,76234,Colorado
297,Moffat,52090,Colorado
298,Montezuma,53105,Colorado
299,Montrose,55673,Colorado
300,Morgan,53136,Colorado
301,Otero,44018,Colorado
302,Ouray,88367,Colorado
303,Park,61974,Colorado
304,Phillips,58035,Colorado
305,Pitkin,255839,Colorado
306,Prowers,49097,Colorado
307,Pueblo,48891,Colorado
308,Rio Blanco,63017,Colorado
309,Rio Grande,60174,Colorado
310,Routt,131507,Colorado
311,Saguache,42621,Colorado
312,San Juan,55971,Colorado
313,San Miguel,156403,Colorado
314,Sedgwick,54706,Colorado
315,Summit,105034,Colorado
316,Teller,67575,Colorado
318,Weld,62532,Washington
319,Yuma,55215,Washington
322,Fairfield,139006,Connecticut
323,Hartford,75433,Connecticut
324,Litchfield,82210,Connecticut
325,Middlesex,80853,Connecticut
326,New Haven,68387,Connecticut
327,New London,69755,Connecticut
328,Tolland,67916,Connecticut
329,Windham,56773,Connecticut
332,Kent,52494,Delaware
333,New Castle,70792,Delaware
334,Sussex,68532,Delaware
336,District of Columbia,106816,Delaware
339,Alachua,55872,Florida
340,Baker,46794,Florida
341,Bay,56070,Florida
342,Bradford,43418,Florida
343,Brevard,60162,Florida
344,Broward,70982,Florida
345,Calhoun,38342,Florida
346,Charlotte,55332,Florida
347,Citrus,47178,Florida
348,Clay,56382,Florida
349,Collier,134527,Florida
350,Columbia,45995,Florida
351,DeSoto,34786,Florida
352,Dixie,35895,Florida
353,Duval,58975,Florida
354,Escambia,55416,Florida
355,Flagler,63819,Florida
356,Franklin,45384,Florida
357,Gadsden,47181,Florida
358,Gilchrist,45053,Florida
359,Glades,32897,Florida
360,Gulf,50687,Florida
361,Hamilton,37368,Florida
362,Hardee,36871,Florida
363,Hendry,41164,Florida
364,Hernando,49176,Florida
365,Highlands,44177,Florida
366,Hillsborough,63640,Florida
367,Holmes,41258,Florida
368,Indian River,105827,Florida
369,Jackson,40972,Florida
370,Jefferson,52094,Florida
371,Lafayette,35986,Florida
372,Lake,55387,Florida
373,Lee,65878,Florida
374,Leon,57139,Florida
375,Levy,47517,Florida
376,Liberty,35661,Florida
377,Madison,44697,Florida
378,Manatee,64096,Florida
379,Marion,46682,Florida
380,Martin,114799,Florida
381,Miami-Dade,75182,Florida
382,Monroe,130525,Florida
383,Nassau,79701,Florida
384,Okaloosa,62236,Florida
385,Okeechobee,42702,Florida
386,Orange,59767,Florida
387,Osceola,47824,Florida
388,Palm Beach,117322,Florida
389,Pasco,56734,Florida
390,Pinellas,71904,Florida
391,Polk,44430,Florida
392,Putnam,41712,Florida
393,St. Johns,89347,Florida
394,St. Lucie,54842,Florida
395,Santa Rosa,59385,Florida
396,Sarasota,85157,Florida
397,Seminole,62804,Florida
398,Sumter,71231,Florida
399,Suwannee,44416,Florida
400,Taylor,39813,Florida
401,Union,28946,Florida
402,Volusia,55824,Florida
403,Wakulla,52124,Florida
404,Walton,89435,Florida
408,Appling,48022,Georgia
409,Atkinson,36641,Georgia
410,Bacon,41682,Georgia
411,Baker,47906,Georgia
412,Baldwin,45617,Georgia
413,Banks,43896,Georgia
414,Barrow,50221,Georgia
415,Bartow,51396,Georgia
416,Ben Hill,42217,Georgia
417,Berrien,41787,Georgia
418,Bibb,48455,Georgia
419,Bleckley,42820,Georgia
420,Brantley,37617,Georgia
421,Brooks,40884,Georgia
422,Bryan,60655,Georgia
423,Bulloch,40939,Georgia
424,Burke,42661,Georgia
425,Butts,44514,Georgia
426,Calhoun,35593,Georgia
427,Camden,46608,Georgia
428,Candler,42764,Georgia
429,Carroll,51798,Georgia
430,Catoosa,45791,Georgia
431,Charlton,32717,Georgia
432,Chatham,59376,Georgia
433,Chattahoochee,38026,Georgia
434,Chattooga,38269,Georgia
435,Cherokee,71255,Georgia
436,Clarke,43899,Georgia
437,Clay,39127,Georgia
438,Clayton,34871,Georgia
439,Clinch,45218,Georgia
440,Cobb,75176,Georgia
441,Coffee,40334,Georgia
442,Colquitt,42437,Georgia
443,Columbia,61147,Georgia
444,Cook,40392,Georgia
445,Coweta,62396,Georgia
446,Crawford,40651,Georgia
447,Crisp,48309,Georgia
448,Dade,43769,Georgia
449,Dawson,63599,Georgia
450,Decatur,44657,Georgia
451,DeKalb,67811,Georgia
452,Dodge,38758,Georgia
453,Dooly,43325,Georgia
454,Dougherty,47803,Georgia
455,Douglas,45636,Georgia
456,Early,44161,Georgia
457,Echols,34289,Georgia
458,Effingham,50587,Georgia
459,Elbert,44067,Georgia
460,Emanuel,41102,Georgia
461,Evans,42033,Georgia
462,Fannin,54467,Georgia
463,Fayette,77577,Georgia
464,Floyd,46727,Georgia
465,Forsyth,84447,Georgia
466,Franklin,41656,Georgia
467,Fulton,106131,Georgia
468,Gilmer,47155,Georgia
469,Glascock,41959,Georgia
470,Glynn,62751,Georgia
471,Gordon,45960,Georgia
472,Grady,39758,Georgia
473,Greene,82896,Georgia
474,Gwinnett,54331,Georgia
475,Habersham,40806,Georgia
476,Hall,60036,Georgia
477,Hancock,36621,Georgia
478,Haralson,46887,Georgia
479,Harris,60495,Georgia
480,Hart,46368,Georgia
481,Heard,41968,Georgia
482,Henry,49576,Georgia
483,Houston,50250,Georgia
484,Irwin,45263,Georgia
485,Jackson,58834,Georgia
486,Jasper,49780,Georgia
487,Jeff Davis,38657,Georgia
488,Jefferson,45063,Georgia
489,Jenkins,38045,Georgia
490,Johnson,34237,Georgia
491,Jones,45119,Georgia
492,Lamar,45645,Georgia
493,Lanier,35327,Georgia
494,Laurens,45805,Georgia
495,Lee,53825,Georgia
496,Liberty,41343,Georgia
497,Lincoln,48452,Georgia
498,Long,40741,Georgia
499,Lowndes,45758,Georgia
500,Lumpkin,49173,Georgia
501,McDuffie,44291,Georgia
502,McIntosh,50929,Georgia
503,Macon,41839,Georgia
504,Madison,46890,Georgia
505,Marion,39386,Georgia
506,Meriwether,46981,Georgia
507,Miller,52904,Georgia
508,Mitchell,44877,Georgia
509,Monroe,56136,Georgia
510,Montgomery,37828,Georgia
511,Morgan,63507,Georgia
512,Murray,38846,Georgia
513,Muscogee,51442,Georgia
514,Newton,43952,Georgia
515,Oconee,87461,Georgia
516,Oglethorpe,47014,Georgia
517,Paulding,50181,Georgia
518,Peach,46062,Georgia
519,Pickens,63367,Georgia
520,Pierce,42832,Georgia
521,Pike,52786,Georgia
522,Polk,41831,Georgia
523,Pulaski,41152,Georgia
524,Putnam,58653,Georgia
525,Quitman,39745,Georgia
526,Rabun,54148,Georgia
527,Randolph,45285,Georgia
528,Richmond,45441,Georgia
529,Rockdale,43568,Georgia
530,Schley,45658,Georgia
531,Screven,42295,Georgia
532,Seminole,47396,Georgia
533,Spalding,44742,Georgia
534,Stephens,46093,Georgia
535,Stewart,36853,Georgia
536,Sumter,45394,Georgia
537,Talbot,49053,Georgia
538,Taliaferro,41595,Georgia
539,Tattnall,35381,Georgia
540,Taylor,42058,Georgia
541,Telfair,34086,Georgia
542,Terrell,48546,Georgia
543,Thomas,57135,Georgia
544,Tift,48399,Georgia
545,Toombs,44036,Georgia
546,Towns,51955,Georgia
547,Treutlen,41701,Georgia
548,Troup,47658,Georgia
549,Turner,39005,Georgia
550,Twiggs,45169,Georgia
551,Union,47853,Georgia
552,Upson,43541,Georgia
553,Walker,44195,Georgia
554,Walton,53871,Georgia
555,Ware,39743,Georgia
556,Warren,42403,Georgia
558,Wayne,39274,Washington
559,Webster,43964,Washington
560,Wheeler,24588,Washington
561,White,50043,Washington
562,Whitfield,47955,Washington
563,Wilcox,32581,Washington
564,Wilkes,51478,Washington
565,Wilkinson,43443,Washington
566,Worth,42753,Washington
570,Honolulu,69893,Hawaii
571,Kauai,61257,Hawaii
572,Maui + Kalawao,62816,Hawaii
575,Ada,72588,Idaho
576,Adams,45707,Idaho
577,Bannock,50084,Idaho
578,Bear Lake,49045,Idaho
579,Benewah,45633,Idaho
580,Bingham,48780,Idaho
581,Blaine,187239,Idaho
582,Boise,54614,Idaho
583,Bonner,55464,Idaho
584,Bonneville,60032,Idaho
585,Boundary,47225,Idaho
586,Butte,51958,Idaho
587,Camas,60737,Idaho
588,Canyon,47903,Idaho
589,Caribou,50947,Idaho
590,Cassia,54685,Idaho
591,Clark,44385,Idaho
592,Clearwater,43947,Idaho
593,Custer,52420,Idaho
594,Elmore,46255,Idaho
595,Franklin,45872,Idaho
596,Fremont (includes Yellowstone National Park),47011,Idaho
597,Gem,47755,Idaho
598,Gooding,63424,Idaho
600,Jefferson,48137,Idaho
601,Jerome,46359,Idaho
602,Kootenai,63893,Idaho
603,Latah,54794,Idaho
604,Lemhi,53841,Idaho
605,Lewis,54650,Idaho
606,Lincoln,46300,Idaho
607,Madison,29168,Idaho
608,Minidoka,49862,Idaho
609,Nez Perce,56586,Idaho
610,Oneida,49108,Idaho
611,Owyhee,48928,Idaho
612,Payette,49505,Idaho
613,Power,46316,Idaho
614,Shoshone,45440,Idaho
615,Teton,69601,Idaho
616,Twin Falls,52087,Idaho
617,Valley,66382,Idaho
621,Adams,59776,Illinois
622,Alexander,52117,Illinois
623,Bond,47531,Illinois
624,Boone,57922,Illinois
625,Brown,48654,Illinois
626,Bureau,53797,Illinois
627,Calhoun,58359,Illinois
628,Carroll,52391,Illinois
629,Cass,52006,Illinois
630,Champaign,58838,Illinois
631,Christian,52047,Illinois
632,Clark,53733,Illinois
633,Clay,52329,Illinois
634,Clinton,63612,Illinois
635,Coles,55509,Illinois
636,Cook,77937,Illinois
637,Crawford,60780,Illinois
638,Cumberland,97381,Illinois
639,DeKalb,53309,Illinois
640,De Witt,58783,Illinois
641,Douglas,71677,Illinois
642,DuPage,95811,Illinois
643,Edgar,57659,Illinois
644,Edwards,51839,Illinois
645,Effingham,67028,Illinois
646,Fayette,46554,Illinois
647,Ford,71035,Illinois
648,Franklin,48167,Illinois
649,Fulton,50832,Illinois
650,Gallatin,57607,Illinois
651,Greene,53257,Illinois
652,Grundy,61898,Illinois
653,Hamilton,55005,Illinois
654,Hancock,58593,Illinois
655,Hardin,55331,Illinois
656,Henderson,56375,Illinois
657,Henry,58648,Illinois
658,Iroquois,57912,Illinois
659,Jackson,49775,Illinois
660,Jasper,56458,Illinois
661,Jefferson,49840,Illinois
662,Jersey,55010,Illinois
663,Jo Daviess,59940,Illinois
664,Johnson,41389,Illinois
665,Kane,67922,Illinois
666,Kankakee,53698,Illinois
667,Kendall,61717,Illinois
668,Knox,49682,Illinois
669,Lake,99895,Illinois
670,LaSalle,56311,Illinois
671,Lawrence,41696,Illinois
672,Lee,53618,Illinois
673,Livingston,57597,Illinois
674,Logan,49419,Illinois
675,McDonough,50246,Illinois
676,McHenry,69641,Illinois
677,McLean,61174,Illinois
678,Macon,60030,Illinois
679,Macoupin,54510,Illinois
680,Madison,60115,Illinois
681,Marion,53678,Illinois
682,Marshall,58048,Illinois
683,Mason,57624,Illinois
684,Massac,48903,Illinois
685,Menard,59630,Illinois
686,Mercer,59739,Illinois
687,Monroe,74760,Illinois
688,Montgomery,45501,Illinois
689,Morgan,52865,Illinois
690,Moultrie,85579,Illinois
691,Ogle,57128,Illinois
692,Peoria,62066,Illinois
693,Perry,47556,Illinois
694,Piatt,70047,Illinois
695,Pike,56213,Illinois
696,Pope,40154,Illinois
697,Pulaski,47344,Illinois
698,Putnam,70122,Illinois
699,Randolph,48860,Illinois
700,Richland,52848,Illinois
701,Rock Island,52525,Illinois
702,St. Clair,59412,Illinois
703,Saline,51956,Illinois
704,Sangamon,60497,Illinois
705,Schuyler,53470,Illinois
706,Scott,56623,Illinois
707,Shelby,54393,Illinois
708,Stark,62669,Illinois
709,Stephenson,54743,Illinois
710,Tazewell,60555,Illinois
711,Union,51681,Illinois
712,Vermilion,51471,Illinois
713,Wabash,53847,Illinois
714,Warren,56656,Illinois
716,Wayne,50793,Washington
717,White,61640,Washington
718,Whiteside,54875,Washington
719,Will,68225,Washington
720,Williamson,55757,Washington
721,Winnebago,53553,Washington
722,Woodford,66670,Washington
725,Adams,50881,Indiana
726,Allen,60607,Indiana
727,Bartholomew,65564,Indiana
728,Benton,56092,Indiana
729,Blackford,46989,Indiana
730,Boone,97028,Indiana
731,Brown,61898,Indiana
732,Carroll,53144,Indiana
733,Cass,49257,Indiana
734,Clark,56729,Indiana
735,Clay,47328,Indiana
736,Clinton,48728,Indiana
737,Crawford,44174,Indiana
738,Daviess,59193,Indiana
739,Dearborn,60731,Indiana
740,Decatur,55366,Indiana
741,DeKalb,56870,Indiana
743,Dubois,68645,Delaware
744,Elkhart,58662,Delaware
745,Fayette,50175,Delaware
746,Floyd,66690,Delaware
747,Fountain,53298,Delaware
748,Franklin,57550,Delaware
749,Fulton,52342,Delaware
750,Gibson,58378,Delaware
751,Grant,49748,Delaware
752,Greene,52586,Delaware
753,Hamilton,99456,Delaware
754,Hancock,65651,Delaware
755,Harrison,57403,Delaware
756,Hendricks,62305,Delaware
757,Henry,48320,Delaware
758,Howard,50368,Delaware
759,Huntington,52450,Delaware
760,Jackson,51461,Delaware
761,Jasper,60384,Delaware
762,Jay,53566,Delaware
763,Jefferson,54925,Delaware
764,Jennings,51768,Delaware
765,Johnson,61983,Delaware
766,Knox,56279,Delaware
767,Kosciusko,59499,Delaware
768,Lagrange,53984,Delaware
769,Lake,56172,Delaware
770,LaPorte,53144,Delaware
771,Lawrence,54421,Delaware
772,Madison,48479,Delaware
773,Marion,70999,Delaware
774,Marshall,53579,Delaware
775,Martin,53113,Delaware
776,Miami,42691,Delaware
777,Monroe,57379,Delaware
778,Montgomery,51959,Delaware
779,Morgan,56426,Delaware
780,Newton,53359,Delaware
781,Noble,52042,Delaware
783,Orange,47330,Ohio
784,Owen,51946,Ohio
785,Parke,53000,Ohio
786,Perry,46830,Ohio
787,Pike,50515,Ohio
788,Porter,66906,Ohio
789,Posey,61689,Ohio
790,Pulaski,59327,Ohio
791,Putnam,48687,Ohio
792,Randolph,55009,Ohio
793,Ripley,52541,Ohio
794,Rush,58058,Ohio
795,St. Joseph,56895,Ohio
796,Scott,46902,Ohio
797,Shelby,55484,Ohio
798,Spencer,56258,Ohio
799,Starke,44313,Ohio
800,Steuben,56713,Ohio
801,Sullivan,45407,Ohio
802,Switzerland,43212,Ohio
803,Tippecanoe,50492,Ohio
804,Tipton,53169,Ohio
805,Union,51547,Ohio
806,Vanderburgh,59500,Ohio
807,Vermillion,48525,Ohio
808,Vigo,48802,Ohio
809,Wabash,56584,Ohio
810,Warren,56648,Ohio
811,Warrick,71369,Ohio
813,Wayne,52493,Washington
814,Wells,53280,Washington
815,White,56248,Washington
816,Whitley,57565,Washington
819,Adair,69294,Iowa
820,Adams,64379,Iowa
821,Allamakee,55377,Iowa
822,Appanoose,48205,Iowa
823,Audubon,64517,Iowa
824,Benton,70193,Iowa
825,Black Hawk,55529,Iowa
826,Boone,55664,Iowa
827,Bremer,61420,Iowa
828,Buchanan,61848,Iowa
829,Buena Vista,53369,Iowa
830,Butler,60549,Iowa
831,Calhoun,60792,Iowa
832,Carroll,65159,Iowa
833,Cass,61849,Iowa
834,Cedar,66315,Iowa
835,Cerro Gordo,79493,Iowa
836,Cherokee,95566,Iowa
837,Chickasaw,106632,Iowa
838,Clarke,50014,Iowa
839,Clay,62951,Iowa
840,Clayton,65588,Iowa
841,Clinton,53442,Iowa
842,Crawford,54564,Iowa
843,Dallas,84495,Iowa
844,Davis,56856,Iowa
845,Decatur,44361,Iowa
847,Des Moines,58928,Delaware
848,Dickinson,79429,Delaware
849,Dubuque,63435,Delaware
850,Emmet,51744,Delaware
851,Fayette,53333,Delaware
852,Floyd,60794,Delaware
853,Franklin,63224,Delaware
854,Fremont,60566,Delaware
855,Greene,59822,Delaware
856,Grundy,65012,Delaware
857,Guthrie,68446,Delaware
858,Hamilton,60409,Delaware
859,Hancock,63316,Delaware
860,Hardin,77229,Delaware
861,Harrison,59741,Delaware
862,Henry,52183,Delaware
863,Howard,63532,Delaware
864,Humboldt,59055,Delaware
865,Ida,76071,Delaware
867,Jackson,56935,Iowa
868,Jasper,52040,Iowa
869,Jefferson,57961,Iowa
870,Johnson,63487,Iowa
871,Jones,55571,Iowa
872,Keokuk,56070,Iowa
873,Kossuth,63562,Iowa
874,Lee,52269,Iowa
875,Linn,63407,Iowa
876,Louisa,53254,Iowa
877,Lucas,49937,Iowa
878,Lyon,68302,Iowa
879,Madison,61924,Iowa
880,Mahaska,55210,Iowa
881,Marion,64302,Iowa
882,Marshall,49357,Iowa
883,Mills,69748,Iowa
884,Mitchell,110907,Iowa
885,Monona,60126,Iowa
886,Monroe,58282,Iowa
887,Montgomery,50995,Iowa
888,Muscatine,57595,Iowa
889,O'Brien,63799,Iowa
890,Osceola,60171,Iowa
891,Page,54431,Iowa
892,Palo Alto,59206,Iowa
893,Plymouth,66979,Iowa
894,Pocahontas,56936,Iowa
895,Polk,66761,Iowa
896,Pottawattamie,58306,Iowa
897,Poweshiek,56638,Iowa
898,Ringgold,54984,Iowa
899,Sac,75597,Iowa
900,Scott,66748,Iowa
901,Shelby,64704,Iowa
902,Sioux,67668,Iowa
903,Story,55798,Iowa
904,Tama,56041,Iowa
905,Taylor,54697,Iowa
906,Union,50034,Iowa
907,Van Buren,48677,Iowa
908,Wapello,47419,Iowa
909,Warren,64502,Iowa
911,Wayne,53428,Washington
912,Webster,53213,Washington
913,Winnebago,53158,Washington
914,Winneshiek,62049,Washington
915,Woodbury,53685,Washington
916,Worth,56008,Washington
917,Wright,68410,Washington
920,Allen,50687,Kansas
921,Anderson,54518,Kansas
922,Atchison,45739,Kansas
923,Barber,59643,Kansas
924,Barton,59485,Kansas
925,Bourbon,49298,Kansas
926,Brown,54718,Kansas
927,Butler,57748,Kansas
928,Chase,66523,Kansas
929,Chautauqua,47835,Kansas
930,Cherokee,55543,Kansas
931,Cheyenne,64275,Kansas
932,Clark,60744,Kansas
933,Clay,53949,Kansas
934,Cloud,53067,Kansas
935,Coffey,58337,Kansas
936,Comanche,60615,Kansas
937,Cowley,47207,Kansas
938,Crawford,47790,Kansas
939,Decatur,65912,Kansas
940,Dickinson,51568,Kansas
941,Doniphan,51625,Kansas
942,Douglas,56846,Kansas
943,Edwards,74594,Kansas
944,Elk,47572,Kansas
945,Ellis,58661,Kansas
946,Ellsworth,52060,Kansas
947,Finney,52953,Kansas
948,Ford,48219,Kansas
949,Franklin,51709,Kansas
950,Geary,53932,Kansas
951,Gove,93617,Kansas
952,Graham,72489,Kansas
953,Grant,55067,Kansas
954,Gray,75419,Kansas
955,Greeley,104174,Kansas
956,Greenwood,53469,Kansas
957,Hamilton,96996,Kansas
958,Harper,64601,Kansas
959,Harvey,54695,Kansas
960,Haskell,86892,Kansas
961,Hodgeman,74269,Kansas
962,Jackson,53147,Kansas
963,Jefferson,58042,Kansas
964,Jewell,68978,Kansas
965,Johnson,102693,Kansas
966,Kearny,69427,Kansas
967,Kingman,59356,Kansas
968,Kiowa,56167,Kansas
969,Labette,51806,Kansas
970,Lane,98681,Kansas
971,Leavenworth,53757,Kansas
972,Lincoln,57773,Kansas
973,Linn,50711,Kansas
974,Logan,69978,Kansas
975,Lyon,49529,Kansas
976,McPherson,64594,Kansas
977,Marion,52183,Kansas
978,Marshall,50960,Kansas
979,Meade,75656,Kansas
980,Miami,63817,Kansas
981,Mitchell,78857,Kansas
982,Montgomery,46735,Kansas
983,Morris,56022,Kansas
984,Morton,61783,Kansas
985,Nemaha,71607,Kansas
986,Neosho,50698,Kansas
987,Ness,77970,Kansas
988,Norton,61506,Kansas
989,Osage,53431,Kansas
990,Osborne,66994,Kansas
991,Ottawa,55673,Kansas
992,Pawnee,51405,Kansas
993,Phillips,71198,Kansas
994,Pottawatomie,65218,Kansas
995,Pratt,60341,Kansas
996,Rawlins,75897,Kansas
997,Reno,51423,Kansas
998,Republic,54892,Kansas
999,Rice,55134,Kansas
1000,Riley,53971,Kansas
1001,Rooks,55630,Kansas
1002,Rush,66255,Kansas
1003,Russell,59870,Kansas
1004,Saline,60591,Kansas
1005,Scott,68367,Kansas
1006,Sedgwick,61462,Kansas
1007,Seward,47846,Kansas
1008,Shawnee,58412,Kansas
1009,Sheridan,64147,Kansas
1010,Sherman,57304,Kansas
1011,Smith,67860,Kansas
1012,Stafford,60316,Kansas
1013,Stanton,91580,Kansas
1014,Stevens,57057,Kansas
1015,Sumner,51274,Kansas
1016,Thomas,60027,Kansas
1017,Trego,70367,Kansas
1018,Wabaunsee,60700,Kansas
1019,Wallace,59710,Kansas
1021,Wichita,66361,Washington
1022,Wilson,52380,Washington
1023,Woodson,49343,Washington
1024,Wyandotte,41273,Washington
1027,Adair,43430,Kentucky
1028,Allen,41417,Kentucky
1029,Anderson,48357,Kentucky
1030,Ballard,54570,Kentucky
1031,Barren,44502,Kentucky
1032,Bath,40141,Kentucky
1033,Bell,42353,Kentucky
1034,Boone,62066,Kentucky
1035,Bourbon,60106,Kentucky
1036,Boyd,49074,Kentucky
1037,Boyle,49125,Kentucky
1038,Bracken,46473,Kentucky
1039,Breathitt,42633,Kentucky
1040,Breckinridge,42080,Kentucky
1041,Bullitt,54121,Kentucky
1042,Butler,44967,Kentucky
1043,Caldwell,45883,Kentucky
1044,Calloway,45760,Kentucky
1045,Campbell,66222,Kentucky
1046,Carlisle,57656,Kentucky
1047,Carroll,48948,Kentucky
1048,Carter,40853,Kentucky
1049,Casey,42262,Kentucky
1050,Christian,46804,Kentucky
1051,Clark,51148,Kentucky
1052,Clay,40899,Kentucky
1053,Clinton,44343,Kentucky
1054,Crittenden,44336,Kentucky
1055,Cumberland,54202,Kentucky
1056,Daviess,52446,Kentucky
1057,Edmonson,41551,Kentucky
1058,Elliott,29689,Kentucky
1059,Estill,42324,Kentucky
1060,Fayette,65766,Kentucky
1061,Fleming,42128,Kentucky
1062,Floyd,45540,Kentucky
1063,Franklin,52606,Kentucky
1064,Fulton,43619,Kentucky
1065,Gallatin,45611,Kentucky
1066,Garrard,46035,Kentucky
1067,Grant,47749,Kentucky
1068,Graves,51262,Kentucky
1069,Grayson,43794,Kentucky
1070,Green,43751,Kentucky
1071,Greenup,50917,Kentucky
1072,Hancock,64129,Kentucky
1073,Hardin,56117,Kentucky
1074,Harlan,40111,Kentucky
1075,Harrison,44682,Kentucky
1076,Hart,44753,Kentucky
1077,Henderson,55562,Kentucky
1078,Henry,52499,Kentucky
1079,Hickman,54753,Kentucky
1080,Hopkins,49158,Kentucky
1081,Jackson,39236,Kentucky
1082,Jefferson,67663,Kentucky
1083,Jessamine,61703,Kentucky
1084,Johnson,41188,Kentucky
1085,Kenton,73345,Kentucky
1086,Knott,44273,Kentucky
1087,Knox,39065,Kentucky
1088,Larue,43899,Kentucky
1089,Laurel,42337,Kentucky
1090,Lawrence,41198,Kentucky
1091,Lee,36462,Kentucky
1092,Leslie,41877,Kentucky
1093,Letcher,42346,Kentucky
1094,Lewis,41161,Kentucky
1095,Lincoln,41970,Kentucky
1096,Livingston,49169,Kentucky
1097,Logan,47354,Kentucky
1098,Lyon,44255,Kentucky
1099,McCracken,64990,Kentucky
1100,McCreary,35036,Kentucky
1101,McLean,49877,Kentucky
1102,Madison,48025,Kentucky
1103,Magoffin,44371,Kentucky
1104,Marion,46832,Kentucky
1105,Marshall,52573,Kentucky
1106,Martin,33523,Kentucky
1107,Mason,51314,Kentucky
1108,Meade,49710,Kentucky
1109,Menifee,42933,Kentucky
1110,Mercer,46920,Kentucky
1111,Metcalfe,38441,Kentucky
1112,Monroe,44980,Kentucky
1113,Montgomery,45753,Kentucky
1114,Morgan,34380,Kentucky
1115,Muhlenberg,42598,Kentucky
1116,Nelson,56564,Kentucky
1117,Nicholas,41289,Kentucky
1119,Oldham,82531,Ohio
1120,Owen,41220,Ohio
1121,Owsley,49867,Ohio
1122,Pendleton,48191,Ohio
1123,Perry,46219,Ohio
1124,Pike,46272,Ohio
1125,Powell,40504,Ohio
1126,Pulaski,49580,Ohio
1127,Robertson,41010,Ohio
1128,Rockcastle,42505,Ohio
1129,Rowan,40762,Ohio
1130,Russell,57716,Ohio
1131,Scott,56801,Ohio
1132,Shelby,61248,Ohio
1133,Simpson,46907,Ohio
1134,Spencer,59165,Ohio
1135,Taylor,42772,Ohio
1136,Todd,50116,Ohio
1137,Trigg,48027,Ohio
1138,Trimble,49796,Ohio
1139,Union,53319,Ohio
1140,Warren,48546,Ohio
1142,Wayne,37963,Washington
1143,Webster,51507,Washington
1144,Whitley,44924,Washington
1145,Wolfe,48386,Washington
1146,Woodford,65575,Washington
1149,Acadia,48445,Louisiana
1150,Allen,44650,Louisiana
1151,Ascension,63811,Louisiana
1152,Assumption,63846,Louisiana
1153,Avoyelles,48298,Louisiana
1154,Beauregard,52717,Louisiana
1155,Bienville,48274,Louisiana
1156,Bossier,56326,Louisiana
1157,Caddo,64383,Louisiana
1158,Calcasieu,54129,Louisiana
1159,Caldwell,42350,Louisiana
1160,Cameron,65580,Louisiana
1161,Catahoula,47040,Louisiana
1162,Claiborne,44286,Louisiana
1163,Concordia,44999,Louisiana
1164,De Soto,57251,Louisiana
1165,East Baton Rouge,66726,Louisiana
1166,East Carroll,35475,Louisiana
1167,East Feliciana,50032,Louisiana
1168,Evangeline,43355,Louisiana
1169,Franklin,42154,Louisiana
1170,Grant,39914,Louisiana
1171,Iberia,49213,Louisiana
1172,Iberville,55730,Louisiana
1173,Jackson,44759,Louisiana
1174,Jefferson,63448,Louisiana
1175,Jefferson Davis,48106,Louisiana
1176,Lafayette,66179,Louisiana
1177,Lafourche,57643,Louisiana
1178,LaSalle,40622,Louisiana
1179,Lincoln,50986,Louisiana
1180,Livingston,52193,Louisiana
1181,Madison,44624,Louisiana
1182,Morehouse,45316,Louisiana
1183,Natchitoches,52510,Louisiana
1184,Orleans,67403,Louisiana
1185,Ouachita,49818,Louisiana
1186,Plaquemines,58920,Louisiana
1187,Pointe Coupee,60708,Louisiana
1188,Rapides,56169,Louisiana
1189,Red River,59240,Louisiana
1190,Richland,47254,Louisiana
1191,Sabine,48715,Louisiana
1192,St. Bernard,43959,Louisiana
1193,St. Charles,60180,Louisiana
1194,St. Helena,48813,Louisiana
1195,St. James,70185,Louisiana
1196,St. John the Baptist,47598,Louisiana
1197,St. Landry,48881,Louisiana
1198,St. Martin,48737,Louisiana
1199,St. Mary,51224,Louisiana
1200,St. Tammany,78246,Louisiana
1201,Tangipahoa,50875,Louisiana
1202,Tensas,49739,Louisiana
1203,Terrebonne,53834,Louisiana
1204,Union,49698,Louisiana
1205,Vermilion,49563,Louisiana
1206,Vernon,50611,Louisiana
1208,Webster,54025,Washington
1209,West Baton Rouge,57094,Washington
1210,West Carroll,44689,Washington
1211,West Feliciana,47362,Washington
1212,Winn,49490,Washington
1215,Androscoggin,53731,Maine
1216,Aroostook,53650,Maine
1217,Cumberland,84606,Maine
1218,Franklin,50394,Maine
1219,Hancock,68181,Maine
1220,Kennebec,58278,Maine
1221,Knox,67794,Maine
1222,Lincoln,66465,Maine
1223,Oxford,50165,Maine
1224,Penobscot,53978,Maine
1225,Piscataquis,54776,Maine
1226,Sagadahoc,67538,Maine
1227,Somerset,50486,Maine
1228,Waldo,56702,Maine
1230,York,70640,Washington
1233,Allegany,49182,Maryland
1234,Anne Arundel,84019,Maryland
1235,Baltimore,74738,Maryland
1236,Calvert,76018,Maryland
1237,Caroline,56447,Maryland
1238,Carroll,74895,Maryland
1239,Cecil,59373,Maryland
1240,Charles,66642,Maryland
1241,Dorchester,57060,Maryland
1242,Frederick,76664,Maryland
1243,Garrett,57525,Maryland
1244,Harford,71196,Maryland
1245,Howard,95529,Maryland
1246,Kent,77025,Maryland
1247,Montgomery,100044,Maryland
1248,Prince George's,57096,Maryland
1249,Queen Anne's,83650,Maryland
1250,St. Mary's,70353,Maryland
1251,Somerset,37345,Maryland
1252,Talbot,98166,Maryland
1254,Wicomico,48596,Washington
1255,Worcester,68163,Washington
1256,Baltimore City,64357,Washington
1259,Barnstable,92417,Massachusetts
1260,Berkshire,70945,Massachusetts
1261,Bristol,67109,Massachusetts
1262,Dukes,98605,Massachusetts
1263,Essex,84017,Massachusetts
1264,Franklin,67327,Massachusetts
1265,Hampden,64105,Massachusetts
1266,Hampshire,63544,Massachusetts
1267,Middlesex,108773,Massachusetts
1268,Nantucket,120333,Massachusetts
1269,Norfolk,115585,Massachusetts
1270,Plymouth,84693,Massachusetts
1271,Suffolk,107027,Massachusetts
1272,Worcester,69301,Massachusetts
1275,Alcona,50791,Michigan
1276,Alger,44619,Michigan
1277,Allegan,58048,Michigan
1278,Alpena,51634,Michigan
1279,Antrim,59391,Michigan
1280,Arenac,49129,Michigan
1281,Baraga,43301,Michigan
1282,Barry,59401,Michigan
1283,Bay,52579,Michigan
1284,Benzie,60458,Michigan
1285,Berrien,61127,Michigan
1286,Branch,44833,Michigan
1287,Calhoun,47947,Michigan
1288,Cass,57612,Michigan
1289,Charlevoix,71589,Michigan
1290,Cheboygan,50689,Michigan
1291,Chippewa,46492,Michigan
1292,Clare,43823,Michigan
1293,Clinton,60589,Michigan
1294,Crawford,43627,Michigan
1295,Delta,47667,Michigan
1296,Dickinson,57116,Michigan
1297,Eaton,54197,Michigan
1298,Emmet,75812,Michigan
1299,Genesee,52520,Michigan
1300,Gladwin,46537,Michigan
1301,Gogebic,51349,Michigan
1302,Grand Traverse,67800,Michigan
1303,Gratiot,45517,Michigan
1304,Hillsdale,44820,Michigan
1305,Houghton,45077,Michigan
1306,Huron,61320,Michigan
1307,Ingham,52560,Michigan
1308,Ionia,43547,Michigan
1309,Iosco,48318,Michigan
1310,Iron,50425,Michigan
1311,Isabella,48011,Michigan
1312,Jackson,48818,Michigan
1313,Kalamazoo,63668,Michigan
1314,Kalkaska,45992,Michigan
1315,Kent,70662,Michigan
1316,Keweenaw,60716,Michigan
1317,Lake,38030,Michigan
1318,Lapeer,53743,Michigan
1319,Leelanau,85936,Michigan
1320,Lenawee,51391,Michigan
1321,Livingston,73173,Michigan
1322,Luce,36921,Michigan
1323,Mackinac,58255,Michigan
1324,Macomb,58565,Michigan
1325,Manistee,48967,Michigan
1326,Marquette,49300,Michigan
1327,Mason,50216,Michigan
1328,Mecosta,45437,Michigan
1329,Menominee,50410,Michigan
1330,Midland,64106,Michigan
1331,Missaukee,45640,Michigan
1332,Monroe,59956,Michigan
1333,Montcalm,42499,Michigan
1334,Montmorency,44409,Michigan
1335,Muskegon,49244,Michigan
1336,Newaygo,46317,Michigan
1337,Oakland,90781,Michigan
1338,Oceana,48691,Michigan
1339,Ogemaw,42668,Michigan
1340,Ontonagon,49622,Michigan
1341,Osceola,49882,Michigan
1342,Oscoda,46389,Michigan
1343,Otsego,51685,Michigan
1344,Ottawa,63265,Michigan
1345,Presque Isle,50126,Michigan
1346,Roscommon,47034,Michigan
1347,Saginaw,50278,Michigan
1348,St. Clair,55834,Michigan
1349,St. Joseph,49695,Michigan
1350,Sanilac,50153,Michigan
1351,Schoolcraft,48919,Michigan
1352,Shiawassee,50443,Michigan
1353,Tuscola,47501,Michigan
1354,Van Buren,52427,Michigan
1355,Washtenaw,77537,Michigan
1356,Wayne,52727,Michigan
1357,Wexford,45996,Michigan
1360,Aitkin,51695,Minnesota
1361,Anoka,62935,Minnesota
1362,Becker,60360,Minnesota
1363,Beltrami,53382,Minnesota
1364,Benton,56137,Minnesota
1365,Big Stone,66381,Minnesota
1366,Blue Earth,55016,Minnesota
1367,Brown,64232,Minnesota
1368,Carlton,52392,Minnesota
1369,Carver,93242,Minnesota
1370,Cass,57880,Minnesota
1371,Chippewa,56174,Minnesota
1372,Chisago,62286,Minnesota
1373,Clay,53925,Minnesota
1374,Clearwater,54531,Minnesota
1375,Cook,65513,Minnesota
1376,Cottonwood,59882,Minnesota
1377,Crow Wing,56919,Minnesota
1378,Dakota,75019,Minnesota
1379,Dodge,60718,Minnesota
1380,Douglas,65827,Minnesota
1381,Faribault,55356,Minnesota
1382,Fillmore,56844,Minnesota
1383,Freeborn,56100,Minnesota
1384,Goodhue,65921,Minnesota
1385,Grant,58301,Minnesota
1386,Hennepin,95574,Minnesota
1387,Houston,63545,Minnesota
1388,Hubbard,57515,Minnesota
1389,Isanti,55537,Minnesota
1390,Itasca,54574,Minnesota
1391,Jackson,61129,Minnesota
1392,Kanabec,51455,Minnesota
1393,Kandiyohi,61664,Minnesota
1394,Kittson,64925,Minnesota
1395,Koochiching,55115,Minnesota
1396,Lac qui Parle,66536,Minnesota
1397,Lake,57668,Minnesota
1398,Lake of the Woods,64010,Minnesota
1399,Le Sueur,63719,Minnesota
1400,Lincoln,60182,Minnesota
1401,Lyon,61228,Minnesota
1402,McLeod,61496,Minnesota
1403,Mahnomen,48138,Minnesota
1404,Marshall,72481,Minnesota
1405,Martin,60933,Minnesota
1406,Meeker,56379,Minnesota
1407,Mille Lacs,53553,Minnesota
1408,Morrison,53069,Minnesota
1409,Mower,56722,Minnesota
1410,Murray,67663,Minnesota
1411,Nicollet,60524,Minnesota
1412,Nobles,57743,Minnesota
1413,Norman,53560,Minnesota
1414,Olmsted,71904,Minnesota
1415,Otter Tail,59478,Minnesota
1416,Pennington,68190,Minnesota
1417,Pine,46122,Minnesota
1418,Pipestone,69853,Minnesota
1419,Polk,60175,Minnesota
1420,Pope,63885,Minnesota
1421,Ramsey,69310,Minnesota
1422,Red Lake,67464,Minnesota
1423,Redwood,76945,Minnesota
1424,Renville,62855,Minnesota
1425,Rice,55702,Minnesota
1426,Rock,61899,Minnesota
1427,Roseau,61800,Minnesota
1428,St. Louis,59235,Minnesota
1429,Scott,81213,Minnesota
1430,Sherburne,59643,Minnesota
1431,Sibley,60166,Minnesota
1432,Stearns,63053,Minnesota
1433,Steele,58222,Minnesota
1434,Stevens,57718,Minnesota
1435,Swift,69348,Minnesota
1436,Todd,62276,Minnesota
1437,Traverse,82905,Minnesota
1438,Wabasha,62412,Minnesota
1439,Wadena,49621,Minnesota
1440,Waseca,60130,Minnesota
1442,Watonwan,55976,Washington
1443,Wilkin,74577,Washington
1444,Winona,58318,Washington
1445,Wright,65241,Washington
1446,Yellow Medicine,71912,Washington
1449,Adams,45973,Mississippi
1450,Alcorn,47651,Mississippi
1451,Amite,42205,Mississippi
1452,Attala,42656,Mississippi
1453,Benton,45081,Mississippi
1454,Bolivar,51015,Mississippi
1455,Calhoun,42728,Mississippi
1456,Carroll,45400,Mississippi
1457,Chickasaw,39952,Mississippi
1458,Choctaw,42655,Mississippi
1459,Claiborne,38756,Mississippi
1460,Clarke,46428,Mississippi
1461,Clay,51599,Mississippi
1462,Coahoma,47742,Mississippi
1463,Copiah,42003,Mississippi
1464,Covington,47970,Mississippi
1465,DeSoto,56470,Mississippi
1466,Forrest,45405,Mississippi
1467,Franklin,42359,Mississippi
1468,George,41804,Mississippi
1469,Greene,34362,Mississippi
1470,Grenada,44304,Mississippi
1471,Hancock,48425,Mississippi
1472,Harrison,48902,Mississippi
1473,Hinds,51350,Mississippi
1474,Holmes,38193,Mississippi
1475,Humphreys,43876,Mississippi
1476,Issaquena,36046,Mississippi
1477,Itawamba,42737,Mississippi
1478,Jackson,48028,Mississippi
1479,Jasper,45999,Mississippi
1480,Jefferson,41876,Mississippi
1481,Jefferson Davis,40428,Mississippi
1482,Jones,49765,Mississippi
1483,Kemper,39625,Mississippi
1484,Lafayette,52791,Mississippi
1485,Lamar,51997,Mississippi
1486,Lauderdale,50952,Mississippi
1487,Lawrence,45871,Mississippi
1488,Leake,41066,Mississippi
1489,Lee,54255,Mississippi
1490,Leflore,51319,Mississippi
1491,Lincoln,47781,Mississippi
1492,Lowndes,51172,Mississippi
1493,Madison,86331,Mississippi
1494,Marion,42902,Mississippi
1495,Marshall,46470,Mississippi
1496,Monroe,44517,Mississippi
1497,Montgomery,42976,Mississippi
1498,Neshoba,47423,Mississippi
1499,Newton,41357,Mississippi
1500,Noxubee,44881,Mississippi
1501,Oktibbeha,42241,Mississippi
1502,Panola,43391,Mississippi
1503,Pearl River,47020,Mississippi
1504,Perry,40688,Mississippi
1505,Pike,39426,Mississippi
1506,Pontotoc,43359,Mississippi
1507,Prentiss,39413,Mississippi
1508,Quitman,44213,Mississippi
1509,Rankin,56864,Mississippi
1510,Scott,39510,Mississippi
1511,Sharkey,57998,Mississippi
1512,Simpson,47645,Mississippi
1513,Smith,47687,Mississippi
1514,Stone,42642,Mississippi
1515,Sunflower,39498,Mississippi
1516,Tallahatchie,44389,Mississippi
1517,Tate,47426,Mississippi
1518,Tippah,45880,Mississippi
1519,Tishomingo,45018,Mississippi
1520,Tunica,48516,Mississippi
1521,Union,42339,Mississippi
1522,Walthall,38989,Mississippi
1523,Warren,52095,Mississippi
1525,Wayne,46161,Washington
1526,Webster,47027,Washington
1527,Wilkinson,38503,Washington
1528,Winston,46075,Washington
1529,Yalobusha,44057,Washington
1530,Yazoo,38819,Washington
1533,Adair,40269,Missouri
1534,Andrew,54504,Missouri
1535,Atchison,56745,Missouri
1536,Audrain,49114,Missouri
1537,Barry,45250,Missouri
1538,Barton,46659,Missouri
1539,Bates,51168,Missouri
1540,Benton,46819,Missouri
1541,Bollinger,48705,Missouri
1542,Boone,60158,Missouri
1543,Buchanan,51741,Missouri
1544,Butler,46048,Missouri
1545,Caldwell,47876,Missouri
1546,Callaway,50652,Missouri
1547,Camden,55182,Missouri
1548,Cape Girardeau,54568,Missouri
1549,Carroll,62919,Missouri
1550,Carter,50444,Missouri
1551,Cass,59720,Missouri
1552,Cedar,40183,Missouri
1553,Chariton,55540,Missouri
1554,Christian,52867,Missouri
1555,Clark,46719,Missouri
1556,Clay,60043,Missouri
1557,Clinton,52880,Missouri
1558,Cole,61479,Missouri
1559,Cooper,54107,Missouri
1560,Crawford,48462,Missouri
1561,Dade,46071,Missouri
1562,Dallas,42354,Missouri
1563,Daviess,40834,Missouri
1564,DeKalb,45223,Missouri
1565,Dent,45672,Missouri
1566,Douglas,39205,Missouri
1567,Dunklin,46434,Missouri
1568,Franklin,57522,Missouri
1569,Gasconade,51240,Missouri
1570,Gentry,52620,Missouri
1571,Greene,56350,Missouri
1572,Grundy,44052,Missouri
1573,Harrison,46633,Missouri
1574,Henry,53157,Missouri
1575,Hickory,43094,Missouri
1576,Holt,63237,Missouri
1577,Howard,52740,Missouri
1578,Howell,44649,Missouri
1579,Iron,45057,Missouri
1580,Jackson,57518,Missouri
1581,Jasper,47246,Missouri
1582,Jefferson,55195,Missouri
1583,Johnson,46540,Missouri
1584,Knox,49243,Missouri
1585,Laclede,48249,Missouri
1586,Lafayette,54277,Missouri
1587,Lawrence,41827,Missouri
1588,Lewis,45237,Missouri
1589,Lincoln,53300,Missouri
1590,Linn,49005,Missouri
1591,Livingston,51058,Missouri
1592,McDonald,38681,Missouri
1593,Macon,54255,Missouri
1594,Madison,45426,Missouri
1595,Maries,45031,Missouri
1596,Marion,52951,Missouri
1597,Mercer,41562,Missouri
1598,Miller,47083,Missouri
1600,Moniteau,51834,Mississippi
1601,Monroe,56061,Mississippi
1602,Montgomery,54811,Mississippi
1603,Morgan,48877,Mississippi
1604,New Madrid,52752,Mississippi
1605,Newton,48357,Mississippi
1606,Nodaway,44338,Mississippi
1608,Osage,56696,Oregon
1609,Ozark,43767,Oregon
1610,Pemiscot,49792,Oregon
1611,Perry,53134,Oregon
1612,Pettis,47237,Oregon
1613,Phelps,48382,Oregon
1614,Pike,45058,Oregon
1615,Platte,73531,Oregon
1616,Polk,46061,Oregon
1617,Pulaski,48289,Oregon
1618,Putnam,47948,Oregon
1619,Ralls,52110,Oregon
1620,Randolph,55106,Oregon
1621,Ray,51625,Oregon
1622,Reynolds,43956,Oregon
1623,Ripley,48138,Oregon
1624,St. Charles,69693,Oregon
1625,St. Clair,40376,Oregon
1626,Ste. Genevieve,50899,Oregon
1627,St. Francois,45576,Oregon
1628,St. Louis,101151,Oregon
1629,Saline,51636,Oregon
1630,Schuyler,45054,Oregon
1631,Scotland,53928,Oregon
1632,Scott,53227,Oregon
1633,Shannon,43901,Oregon
1634,Shelby,52995,Oregon
1635,Stoddard,47497,Oregon
1636,Stone,51791,Oregon
1637,Sullivan,50451,Oregon
1638,Taney,48862,Oregon
1640,Vernon,47572,Texas
1641,Warren,55061,Texas
1643,Wayne,46365,Washington
1644,Webster,43890,Washington
1645,Worth,47533,Washington
1646,Wright,40817,Washington
1647,St. Louis City,63316,Washington
1650,Beaverhead,59595,Montana
1651,Big Horn,39605,Montana
1652,Blaine,38079,Montana
1653,Broadwater,55371,Montana
1654,Carbon,68244,Montana
1655,Carter,44997,Montana
1656,Cascade,60126,Montana
1657,Chouteau,56448,Montana
1658,Custer,55578,Montana
1659,Daniels,60973,Montana
1660,Dawson,53091,Montana
1661,Deer Lodge,51110,Montana
1662,Fallon,55859,Montana
1663,Fergus,54647,Montana
1664,Flathead,68725,Montana
1665,Gallatin,87254,Montana
1666,Garfield,48179,Montana
1667,Glacier,48573,Montana
1668,Golden Valley,55872,Montana
1669,Granite,53768,Montana
1670,Hill,55344,Montana
1671,Jefferson,63881,Montana
1672,Judith Basin,58342,Montana
1673,Lake,49027,Montana
1674,Lewis and Clark,62214,Montana
1675,Liberty,71171,Montana
1676,Lincoln,47487,Montana
1677,McCone,51063,Montana
1678,Madison,75313,Montana
1679,Meagher,57679,Montana
1680,Mineral,48250,Montana
1681,Missoula,68344,Montana
1682,Musselshell,51852,Montana
1683,Park,67131,Montana
1684,Petroleum,38300,Montana
1685,Phillips,45314,Montana
1686,Pondera,65512,Montana
1687,Powder River,46200,Montana
1688,Powell,53396,Montana
1689,Prairie,58179,Montana
1690,Ravalli,63195,Montana
1691,Richland,72410,Montana
1692,Roosevelt,45113,Montana
1693,Rosebud,55754,Montana
1694,Sanders,45599,Montana
1695,Sheridan,55175,Montana
1696,Silver Bow,60001,Montana
1697,Stillwater,68586,Montana
1698,Sweet Grass,60941,Montana
1699,Teton,60745,Montana
1700,Toole,64617,Montana
1701,Treasure,58733,Montana
1702,Valley,60061,Montana
1703,Wheatland,52079,Montana
1704,Wibaux,45322,Montana
1705,Yellowstone,68959,Montana
1708,Adams,68330,Nebraska
1709,Antelope,76372,Nebraska
1710,Arthur,70075,Nebraska
1711,Banner,75754,Nebraska
1712,Blaine,78261,Nebraska
1713,Boone,79710,Nebraska
1714,Box Butte,58744,Nebraska
1715,Boyd,81977,Nebraska
1716,Brown,71794,Nebraska
1717,Buffalo,74630,Nebraska
1718,Burt,60531,Nebraska
1719,Butler,71971,Nebraska
1720,Cass,67310,Nebraska
1721,Cedar,71135,Nebraska
1722,Chase,80528,Nebraska
1723,Cherry,66828,Nebraska
1724,Cheyenne,53195,Nebraska
1725,Clay,69182,Nebraska
1726,Colfax,61048,Nebraska
1727,Cuming,87392,Nebraska
1728,Custer,65823,Nebraska
1729,Dakota,62463,Nebraska
1730,Dawes,50264,Nebraska
1731,Dawson,54945,Nebraska
1732,Deuel,48095,Nebraska
1733,Dixon,62851,Nebraska
1734,Dodge,65594,Nebraska
1735,Douglas,81570,Nebraska
1736,Dundy,107381,Nebraska
1737,Fillmore,82547,Nebraska
1738,Franklin,68950,Nebraska
1739,Frontier,66000,Nebraska
1740,Furnas,70215,Nebraska
1741,Gage,80101,Nebraska
1742,Garden,62438,Nebraska
1743,Garfield,60193,Nebraska
1744,Gosper,74113,Nebraska
1745,Grant,61745,Nebraska
1746,Greeley,75828,Nebraska
1747,Hall,59802,Nebraska
1748,Hamilton,73733,Nebraska
1749,Harlan,74351,Nebraska
1750,Hayes,89965,Nebraska
1751,Hitchcock,67709,Nebraska
1752,Holt,70612,Nebraska
1753,Hooker,53697,Nebraska
1754,Howard,62103,Nebraska
1755,Jefferson,63034,Nebraska
1756,Johnson,48024,Nebraska
1757,Kearney,94356,Nebraska
1758,Keith,60135,Nebraska
1759,Keya Paha,66245,Nebraska
1760,Kimball,65186,Nebraska
1761,Knox,66048,Nebraska
1762,Lancaster,66280,Nebraska
1763,Lincoln,72970,Nebraska
1764,Logan,71302,Nebraska
1765,Loup,76269,Nebraska
1766,McPherson,86039,Nebraska
1767,Madison,67240,Nebraska
1768,Merrick,64821,Nebraska
1769,Morrill,78663,Nebraska
1770,Nance,61894,Nebraska
1771,Nemaha,59432,Nebraska
1772,Nuckolls,79865,Nebraska
1773,Otoe,62848,Nebraska
1774,Pawnee,63343,Nebraska
1775,Perkins,90815,Nebraska
1776,Phelps,70667,Nebraska
1777,Pierce,117544,Nebraska
1778,Platte,62340,Nebraska
1779,Polk,76182,Nebraska
1780,Red Willow,60705,Nebraska
1781,Richardson,61331,Nebraska
1782,Rock,94000,Nebraska
1783,Saline,56359,Nebraska
1784,Sarpy,66625,Nebraska
1785,Saunders,71628,Nebraska
1786,Scotts Bluff,57327,Nebraska
1787,Seward,68090,Nebraska
1788,Sheridan,70339,Nebraska
1789,Sherman,65396,Nebraska
1790,Sioux,81581,Nebraska
1791,Stanton,66754,Nebraska
1792,Thayer,71989,Nebraska
1793,Thomas,66656,Nebraska
1794,Thurston,67487,Nebraska
1795,Valley,75469,Nebraska
1797,Wayne,58154,Washington
1798,Webster,65987,Washington
1799,Wheeler,78826,Washington
1800,York,68781,Washington
1803,Churchill,56685,Nevada
1804,Clark,63767,Nevada
1805,Douglas,100931,Nevada
1806,Elko,56996,Nevada
1807,Esmeralda,59971,Nevada
1808,Eureka,49792,Nevada
1809,Humboldt,58033,Nevada
1810,Lander,77150,Nevada
1811,Lincoln,49718,Nevada
1812,Lyon,50379,Nevada
1813,Mineral,50305,Nevada
1814,Nye,44626,Nevada
1815,Pershing,42673,Nevada
1816,Storey,79728,Nevada
1817,Washoe,81371,Nevada
1818,White Pine,63243,Nevada
1819,Carson City,63498,Nevada
1822,Belknap,79465,New Hampshire
1823,Carroll,78581,New Hampshire
1824,Cheshire,67094,New Hampshire
1825,Coos,55665,New Hampshire
1826,Grafton,79934,New Hampshire
1827,Hillsborough,76187,New Hampshire
1828,Merrimack,73531,New Hampshire
1829,Rockingham,97082,New Hampshire
1830,Strafford,65643,New Hampshire
1831,Sullivan,68216,New Hampshire
1834,Atlantic,60493,New Jersey
1835,Bergen,102229,New Jersey
1836,Burlington,74684,New Jersey
1837,Camden,64987,New Jersey
1838,Cape May,78963,New Jersey
1839,Cumberland,49367,New Jersey
1840,Essex,80460,New Jersey
1841,Gloucester,66061,New Jersey
1842,Hudson,79982,New Jersey
1843,Hunterdon,105801,New Jersey
1844,Mercer,84392,New Jersey
1845,Middlesex,75352,New Jersey
1846,Monmouth,100477,New Jersey
1847,Morris,115850,New Jersey
1848,Ocean,62195,New Jersey
1849,Passaic,60002,New Jersey
1850,Salem,57119,New Jersey
1851,Somerset,121076,New Jersey
1852,Sussex,75364,New Jersey
1853,Union,82502,New Jersey
1854,Warren,66483,New Jersey
1857,Bernalillo,58895,New Mexico
1858,Catron,41950,New Mexico
1859,Chaves,52720,New Mexico
1860,Cibola,35144,New Mexico
1861,Colfax,51567,New Mexico
1862,Curry,56323,New Mexico
1863,De Baca,62571,New Mexico
1864,Doña Ana,47712,New Mexico
1865,Eddy,76555,New Mexico
1866,Grant,52958,New Mexico
1867,Guadalupe,45873,New Mexico
1868,Harding,48556,New Mexico
1869,Hidalgo,56047,New Mexico
1870,Lea,58422,New Mexico
1871,Lincoln,54474,New Mexico
1872,Los Alamos,91773,New Mexico
1873,Luna,40299,New Mexico
1874,McKinley,36133,New Mexico
1875,Mora,56989,New Mexico
1876,Otero,43353,New Mexico
1877,Quay,47250,New Mexico
1878,Rio Arriba,45521,New Mexico
1879,Roosevelt,51180,New Mexico
1880,Sandoval,56559,New Mexico
1881,San Juan,46055,New Mexico
1882,San Miguel,46983,New Mexico
1883,Santa Fe,77717,New Mexico
1884,Sierra,49743,New Mexico
1885,Socorro,45149,New Mexico
1886,Taos,49430,New Mexico
1887,Torrance,47308,New Mexico
1888,Union,40654,New Mexico
1889,Valencia,46944,New Mexico
1892,Albany,78464,New York
1893,Allegany,42832,New York
1894,Bronx,44736,New York
1895,Broome,52147,New York
1896,Cattaraugus,48342,New York
1897,Cayuga,53644,New York
1898,Chautauqua,49640,New York
1899,Chemung,53850,New York
1900,Chenango,54527,New York
1901,Clinton,55008,New York
1902,Columbia,74642,New York
1903,Cortland,50994,New York
1905,Dutchess,71391,Delaware
1906,Erie,62207,Delaware
1907,Essex,58326,Delaware
1908,Franklin,53153,Delaware
1909,Fulton,53781,Delaware
1910,Genesee,53104,Delaware
1911,Greene,61918,Delaware
1912,Hamilton,59276,Delaware
1913,Herkimer,52027,Delaware
1914,Jefferson,54926,Delaware
1915,Kings,67081,Delaware
1916,Lewis,56060,Delaware
1917,Livingston,53117,Delaware
1918,Madison,58687,Delaware
1919,Monroe,63593,Delaware
1920,Montgomery,50879,Delaware
1921,Nassau,104873,Delaware
1923,Niagara,56135,New York
1924,Oneida,56075,New York
1925,Onondaga,63854,New York
1926,Ontario,64723,New York
1927,Orange,60539,New York
1928,Orleans,48729,New York
1929,Oswego,49548,New York
1930,Otsego,53098,New York
1931,Putnam,84598,New York
1932,Queens,60271,New York
1933,Rensselaer,60836,New York
1934,Richmond,66807,New York
1935,Rockland,71330,New York
1936,St. Lawrence,47495,New York
1937,Saratoga,81008,New York
1938,Schenectady,60259,New York
1939,Schoharie,53174,New York
1940,Schuyler,52126,New York
1941,Seneca,50044,New York
1942,Steuben,56349,New York
1943,Suffolk,88816,New York
1944,Sullivan,57831,New York
1945,Tioga,54765,New York
1946,Tompkins,54159,New York
1947,Ulster,66314,New York
1948,Warren,66384,New York
1950,Wayne,57109,Washington
1951,Westchester,130834,Washington
1953,Yates,51837,Wyoming
1956,Alamance,51405,North Carolina
1957,Alexander,49694,North Carolina
1958,Alleghany,46732,North Carolina
1959,Anson,51004,North Carolina
1960,Ashe,48453,North Carolina
1961,Avery,50256,North Carolina
1962,Beaufort,57387,North Carolina
1963,Bertie,49592,North Carolina
1964,Bladen,50481,North Carolina
1965,Brunswick,62104,North Carolina
1966,Buncombe,66288,North Carolina
1967,Burke,47560,North Carolina
1968,Cabarrus,57694,North Carolina
1969,Caldwell,47398,North Carolina
1970,Camden,60407,North Carolina
1971,Carteret,68500,North Carolina
1972,Caswell,43437,North Carolina
1973,Catawba,57624,North Carolina
1974,Chatham,85995,North Carolina
1975,Cherokee,41999,North Carolina
1976,Chowan,54599,North Carolina
1977,Clay,47138,North Carolina
1978,Cleveland,47778,North Carolina
1979,Columbus,45922,North Carolina
1980,Craven,58120,North Carolina
1981,Cumberland,48345,North Carolina
1982,Currituck,63750,North Carolina
1983,Dare,79309,North Carolina
1984,Davidson,51406,North Carolina
1985,Davie,63324,North Carolina
1986,Duplin,53711,North Carolina
1987,Durham,64059,North Carolina
1988,Edgecombe,47194,North Carolina
1989,Forsyth,60481,North Carolina
1990,Franklin,49691,North Carolina
1991,Gaston,52373,North Carolina
1992,Gates,52872,North Carolina
1993,Graham,44387,North Carolina
1994,Granville,49896,North Carolina
1995,Greene,40266,North Carolina
1996,Guilford,59170,North Carolina
1997,Halifax,46895,North Carolina
1998,Harnett,47518,North Carolina
1999,Haywood,53755,North Carolina
2000,Henderson,59258,North Carolina
2001,Hertford,46092,North Carolina
2002,Hoke,43213,North Carolina
2003,Hyde,52292,North Carolina
2004,Iredell,66843,North Carolina
2005,Jackson,46605,North Carolina
2006,Johnston,52757,North Carolina
2007,Jones,49621,North Carolina
2008,Lee,53310,North Carolina
2009,Lenoir,53456,North Carolina
2010,Lincoln,61859,North Carolina
2011,McDowell,47124,North Carolina
2012,Macon,52844,North Carolina
2013,Madison,47811,North Carolina
2014,Martin,44368,North Carolina
2015,Mecklenburg,82500,North Carolina
2016,Mitchell,47047,North Carolina
2017,Montgomery,48050,North Carolina
2018,Moore,68180,North Carolina
2019,Nash,53389,North Carolina
2020,New Hanover,64831,North Carolina
2021,Northampton,49507,North Carolina
2022,Onslow,53594,North Carolina
2023,Orange,82487,North Carolina
2024,Pamlico,56687,North Carolina
2025,Pasquotank,50974,North Carolina
2026,Pender,53382,North Carolina
2027,Perquimans,56511,North Carolina
2028,Person,48911,North Carolina
2029,Pitt,56956,North Carolina
2030,Polk,67589,North Carolina
2031,Randolph,48970,North Carolina
2032,Richmond,47384,North Carolina
2033,Robeson,43550,North Carolina
2034,Rockingham,48622,North Carolina
2035,Rowan,49008,North Carolina
2036,Rutherford,44091,North Carolina
2037,Sampson,46676,North Carolina
2038,Scotland,42838,North Carolina
2039,Stanly,50394,North Carolina
2040,Stokes,49687,North Carolina
2041,Surry,51241,North Carolina
2042,Swain,55328,North Carolina
2043,Transylvania,60160,North Carolina
2044,Tyrrell,46213,North Carolina
2045,Union,72553,North Carolina
2046,Vance,45762,North Carolina
2047,Wake,81322,North Carolina
2048,Warren,39006,North Carolina
2050,Watauga,53013,Washington
2051,Wayne,50748,Washington
2052,Wilkes,49350,Washington
2053,Wilson,52627,Washington
2054,Yadkin,49886,Washington
2055,Yancey,45449,Washington
2058,Adams,54673,North Dakota
2059,Barnes,74136,North Dakota
2060,Benson,60006,North Dakota
2061,Billings,89603,North Dakota
2062,Bottineau,82191,North Dakota
2063,Bowman,72257,North Dakota
2064,Burke,89281,North Dakota
2065,Burleigh,75321,North Dakota
2066,Cass,73185,North Dakota
2067,Cavalier,106795,North Dakota
2068,Dickey,99866,North Dakota
2069,Divide,68807,North Dakota
2070,Dunn,103731,North Dakota
2071,Eddy,83562,North Dakota
2072,Emmons,69003,North Dakota
2073,Foster,83274,North Dakota
2074,Golden Valley,49510,North Dakota
2075,Grand Forks,63280,North Dakota
2076,Grant,53999,North Dakota
2077,Griggs,86194,North Dakota
2078,Hettinger,55263,North Dakota
2079,Kidder,77327,North Dakota
2080,LaMoure,91051,North Dakota
2081,Logan,72030,North Dakota
2082,McHenry,75774,North Dakota
2083,McIntosh,74321,North Dakota
2084,McKenzie,84357,North Dakota
2085,McLean,72821,North Dakota
2086,Mercer,66823,North Dakota
2087,Morton,63288,North Dakota
2088,Mountrail,80515,North Dakota
2089,Nelson,83523,North Dakota
2090,Oliver,55494,North Dakota
2091,Pembina,83598,North Dakota
2092,Pierce,66771,North Dakota
2093,Ramsey,67469,North Dakota
2094,Ransom,78909,North Dakota
2095,Renville,94262,North Dakota
2096,Richland,70746,North Dakota
2097,Rolette,56859,North Dakota
2098,Sargent,96135,North Dakota
2099,Sheridan,67934,North Dakota
2100,Sioux,37765,North Dakota
2101,Slope,47105,North Dakota
2102,Stark,71645,North Dakota
2103,Steele,97896,North Dakota
2104,Stutsman,68370,North Dakota
2105,Towner,101180,North Dakota
2106,Traill,72754,North Dakota
2107,Walsh,70222,North Dakota
2108,Ward,66524,North Dakota
2109,Wells,89429,North Dakota
2110,Williams,75412,North Dakota
2113,Adams,46026,Ohio
2114,Allen,54010,Ohio
2115,Ashland,51242,Ohio
2116,Ashtabula,50508,Ohio
2117,Athens,42018,Ohio
2118,Auglaize,60383,Ohio
2119,Belmont,51534,Ohio
2120,Brown,49102,Ohio
2121,Butler,58192,Ohio
2122,Carroll,50809,Ohio
2123,Champaign,51945,Ohio
2124,Clark,50553,Ohio
2125,Clermont,63599,Ohio
2126,Clinton,53901,Ohio
2127,Columbiana,47871,Ohio
2128,Coshocton,44741,Ohio
2129,Crawford,48370,Ohio
2130,Cuyahoga,68360,Ohio
2131,Darke,56920,Ohio
2132,Defiance,50168,Ohio
2134,Erie,61964,Delaware
2135,Fairfield,58194,Delaware
2136,Fayette,49752,Delaware
2137,Franklin,63874,Delaware
2138,Fulton,56773,Delaware
2139,Gallia,50025,Delaware
2140,Geauga,86579,Delaware
2141,Greene,64628,Delaware
2142,Guernsey,51043,Delaware
2143,Hamilton,75833,Delaware
2144,Hancock,62204,Delaware
2145,Hardin,42958,Delaware
2146,Harrison,50642,Delaware
2147,Henry,55580,Delaware
2148,Highland,46608,Delaware
2149,Hocking,48115,Delaware
2150,Holmes,60632,Delaware
2151,Huron,50983,Delaware
2152,Jackson,43799,Delaware
2153,Jefferson,48346,Delaware
2154,Knox,55379,Delaware
2155,Lake,63667,Delaware
2156,Lawrence,51367,Delaware
2157,Licking,58710,Delaware
2158,Logan,51515,Delaware
2159,Lorain,59141,Delaware
2160,Lucas,57012,Delaware
2161,Madison,54404,Delaware
2162,Mahoning,54630,Delaware
2163,Marion,45112,Delaware
2164,Medina,70562,Delaware
2165,Meigs,44864,Delaware
2166,Mercer,67802,Delaware
2167,Miami,60457,Delaware
2168,Monroe,44894,Delaware
2169,Montgomery,58304,Delaware
2170,Morgan,45751,Delaware
2171,Morrow,51281,Delaware
2172,Muskingum,52225,Delaware
2173,Noble,33492,Delaware
2174,Ottawa,66465,Delaware
2175,Paulding,54129,Delaware
2176,Perry,48777,Delaware
2177,Pickaway,52884,Delaware
2178,Pike,48745,Delaware
2179,Portage,57326,Delaware
2180,Preble,52241,Delaware
2181,Putnam,63830,Delaware
2182,Richland,48116,Delaware
2183,Ross,46934,Delaware
2184,Sandusky,52046,Delaware
2185,Scioto,49423,Delaware
2186,Seneca,50248,Delaware
2187,Shelby,55606,Delaware
2188,Stark,56961,Delaware
2189,Summit,64598,Delaware
2190,Trumbull,49159,Delaware
2191,Tuscarawas,57335,Delaware
2192,Union,73664,Delaware
2193,Van Wert,53340,Delaware
2194,Vinton,43796,Delaware
2195,Warren,77881,Delaware
2197,Wayne,58161,Washington
2198,Williams,52187,Washington
2199,Wood,59887,Washington
2200,Wyandot,59710,Washington
2203,Adair,42679,Oklahoma
2204,Alfalfa,48610,Oklahoma
2205,Atoka,37738,Oklahoma
2206,Beaver,69284,Oklahoma
2207,Beckham,42510,Oklahoma
2208,Blaine,54975,Oklahoma
2209,Bryan,46331,Oklahoma
2210,Caddo,47172,Oklahoma
2211,Canadian,56000,Oklahoma
2212,Carter,53086,Oklahoma
2213,Cherokee,43232,Oklahoma
2214,Choctaw,43172,Oklahoma
2215,Cimarron,80911,Oklahoma
2216,Cleveland,54522,Oklahoma
2217,Coal,46976,Oklahoma
2218,Comanche,51375,Oklahoma
2219,Cotton,54529,Oklahoma
2220,Craig,47115,Oklahoma
2221,Creek,50595,Oklahoma
2222,Custer,49244,Oklahoma
2224,Dewey,60783,Delaware
2225,Ellis,63914,Delaware
2226,Garfield,51152,Delaware
2227,Garvin,50882,Delaware
2228,Grady,50790,Delaware
2229,Grant,62676,Delaware
2230,Greer,39560,Delaware
2231,Harmon,60399,Delaware
2232,Harper,66533,Delaware
2233,Haskell,46167,Delaware
2234,Hughes,46378,Delaware
2235,Jackson,54031,Delaware
2236,Jefferson,44947,Delaware
2237,Johnston,50204,Delaware
2238,Kay,49623,Delaware
2239,Kingfisher,73533,Delaware
2240,Kiowa,47696,Delaware
2241,Latimer,42400,Delaware
2242,Le Flore,43023,Delaware
2243,Lincoln,46586,Delaware
2244,Logan,51254,Delaware
2245,Love,45712,Delaware
2246,McClain,58603,Delaware
2247,McCurtain,46108,Delaware
2248,McIntosh,44389,Delaware
2249,Major,51281,Delaware
2250,Marshall,48734,Delaware
2251,Mayes,47773,Delaware
2252,Murray,51005,Delaware
2253,Muskogee,47792,Delaware
2254,Noble,53893,Delaware
2255,Nowata,49125,Delaware
2256,Okfuskee,40201,Delaware
2258,Okmulgee,45207,Oklahoma
2259,Osage,45299,Oklahoma
2260,Ottawa,47987,Oklahoma
2261,Pawnee,45758,Oklahoma
2262,Payne,47401,Oklahoma
2263,Pittsburg,45267,Oklahoma
2264,Pontotoc,56112,Oklahoma
2265,Pottawatomie,49485,Oklahoma
2266,Pushmataha,41900,Oklahoma
2267,Roger Mills,55166,Oklahoma
2268,Rogers,55985,Oklahoma
2269,Seminole,44566,Oklahoma
2270,Sequoyah,44534,Oklahoma
2271,Stephens,53673,Oklahoma
2273,Tillman,41237,Texas
2274,Tulsa,78619,Texas
2275,Wagoner,51664,Texas
2277,Washita,42987,Washington
2278,Woods,52976,Washington
2279,Woodward,44533,Washington
2282,Baker,52392,Oregon
2283,Benton,60307,Oregon
2284,Clackamas,80269,Oregon
2285,Clatsop,60930,Oregon
2286,Columbia,59020,Oregon
2287,Coos,59838,Oregon
2288,Crook,57968,Oregon
2289,Curry,57405,Oregon
2290,Deschutes,81025,Oregon
2291,Douglas,52684,Oregon
2292,Gilliam,71618,Oregon
2293,Grant,54969,Oregon
2294,Harney,53228,Oregon
2295,Hood River,71946,Oregon
2296,Jackson,62541,Oregon
2297,Jefferson,46111,Oregon
2298,Josephine,55038,Oregon
2299,Klamath,51246,Oregon
2300,Lake,50163,Oregon
2301,Lane,61634,Oregon
2302,Lincoln,59715,Oregon
2303,Linn,57016,Oregon
2304,Malheur,40360,Oregon
2305,Marion,58470,Oregon
2306,Morrow,58480,Oregon
2307,Multnomah,75772,Oregon
2308,Polk,55086,Oregon
2309,Sherman,66483,Oregon
2310,Tillamook,61950,Oregon
2311,Umatilla,53253,Oregon
2312,Union,53469,Oregon
2313,Wallowa,59576,Oregon
2314,Wasco,56865,Oregon
2316,Wheeler,49563,Washington
2317,Yamhill,61974,Washington
2320,Adams,58880,Pennsylvania
2321,Allegheny,75468,Pennsylvania
2322,Armstrong,58854,Pennsylvania
2323,Beaver,58206,Pennsylvania
2324,Bedford,52510,Pennsylvania
2325,Berks,61575,Pennsylvania
2326,Blair,57782,Pennsylvania
2327,Bradford,50930,Pennsylvania
2328,Bucks,92846,Pennsylvania
2329,Butler,73039,Pennsylvania
2330,Cambria,50932,Pennsylvania
2331,Cameron,54148,Pennsylvania
2332,Carbon,62353,Pennsylvania
2333,Centre,57800,Pennsylvania
2334,Chester,108215,Pennsylvania
2335,Clarion,50175,Pennsylvania
2336,Clearfield,57841,Pennsylvania
2337,Clinton,48383,Pennsylvania
2338,Columbia,52692,Pennsylvania
2339,Crawford,51236,Pennsylvania
2340,Cumberland,68998,Pennsylvania
2341,Dauphin,60670,Pennsylvania
2343,Elk,53862,Delaware
2344,Erie,54694,Delaware
2345,Fayette,51467,Delaware
2346,Forest,30606,Delaware
2347,Franklin,58380,Delaware
2348,Fulton,49640,Delaware
2349,Greene,52757,Delaware
2350,Huntingdon,46957,Delaware
2352,Jefferson,50976,Indiana
2353,Juniata,62851,Indiana
2354,Lackawanna,56985,Indiana
2355,Lancaster,66876,Indiana
2356,Lawrence,53835,Indiana
2357,Lebanon,58851,Indiana
2358,Lehigh,65898,Indiana
2359,Luzerne,53214,Indiana
2360,Lycoming,53630,Indiana
2361,McKean,51318,Indiana
2362,Mercer,51133,Indiana
2363,Mifflin,49197,Indiana
2364,Monroe,54716,Indiana
2365,Montgomery,101172,Indiana
2366,Montour,70610,Indiana
2367,Northampton,68050,Indiana
2368,Northumberland,50445,Indiana
2369,Perry,56411,Indiana
2370,Philadelphia,61829,Indiana
2371,Pike,59543,Indiana
2372,Potter,48180,Indiana
2373,Schuylkill,52049,Indiana
2374,Snyder,54472,Indiana
2375,Somerset,49685,Indiana
2376,Sullivan,59379,Indiana
2377,Susquehanna,61452,Indiana
2378,Tioga,47580,Indiana
2379,Union,53495,Indiana
2380,Venango,51568,Indiana
2381,Warren,52057,Indiana
2383,Wayne,57575,Washington
2384,Westmoreland,64021,Washington
2386,York,60915,Wyoming
2389,Bristol,92538,Rhode Island
2390,Kent,72004,Rhode Island
2391,Newport,89517,Rhode Island
2392,Providence,58572,Rhode Island
2396,Abbeville,43106,South Carolina
2397,Aiken,53883,South Carolina
2398,Allendale,46875,South Carolina
2399,Anderson,50288,South Carolina
2400,Bamberg,44564,South Carolina
2401,Barnwell,41338,South Carolina
2402,Beaufort,80192,South Carolina
2403,Berkeley,55131,South Carolina
2404,Calhoun,51945,South Carolina
2405,Charleston,83294,South Carolina
2406,Cherokee,41896,South Carolina
2407,Chester,44918,South Carolina
2408,Chesterfield,40396,South Carolina
2409,Clarendon,48457,South Carolina
2410,Colleton,46418,South Carolina
2411,Darlington,49772,South Carolina
2412,Dillon,40339,South Carolina
2413,Dorchester,51555,South Carolina
2414,Edgefield,50938,South Carolina
2415,Fairfield,52780,South Carolina
2416,Florence,54943,South Carolina
2417,Georgetown,61924,South Carolina
2418,Greenville,60866,South Carolina
2419,Greenwood,46153,South Carolina
2420,Hampton,44723,South Carolina
2421,Horry,51033,South Carolina
2422,Jasper,48687,South Carolina
2423,Kershaw,57000,South Carolina
2424,Lancaster,58926,South Carolina
2425,Laurens,43851,South Carolina
2426,Lee,44427,South Carolina
2427,Lexington,60682,South Carolina
2428,McCormick,49183,South Carolina
2429,Marion,43174,South Carolina
2430,Marlboro,38787,South Carolina
2431,Newberry,49870,South Carolina
2432,Oconee,57361,South Carolina
2433,Orangeburg,44277,South Carolina
2434,Pickens,49294,South Carolina
2435,Richland,57160,South Carolina
2436,Saluda,45923,South Carolina
2437,Spartanburg,53700,South Carolina
2438,Sumter,49704,South Carolina
2439,Union,40314,South Carolina
2440,Williamsburg,40528,South Carolina
2441,York,62604,South Carolina
2444,Aurora,62896,South Dakota
2445,Beadle,62173,South Dakota
2446,Bennett,50005,South Dakota
2447,Bon Homme,55240,South Dakota
2448,Brookings,62408,South Dakota
2449,Brown,75470,South Dakota
2450,Brule,74055,South Dakota
2451,Buffalo,36239,South Dakota
2452,Butte,51470,South Dakota
2453,Campbell,74502,South Dakota
2454,Charles Mix,57355,South Dakota
2455,Clark,92623,South Dakota
2456,Clay,49412,South Dakota
2457,Codington,67768,South Dakota
2458,Corson,39427,South Dakota
2459,Custer,68449,South Dakota
2460,Davison,67849,South Dakota
2461,Day,73994,South Dakota
2462,Deuel,75160,South Dakota
2463,Dewey,55915,South Dakota
2464,Douglas,76934,South Dakota
2465,Edmunds,93731,South Dakota
2466,Fall River,59842,South Dakota
2467,Faulk,92449,South Dakota
2468,Grant,74933,South Dakota
2469,Gregory,64034,South Dakota
2470,Haakon,84084,South Dakota
2471,Hamlin,69757,South Dakota
2472,Hand,88410,South Dakota
2473,Hanson,82440,South Dakota
2474,Harding,46360,South Dakota
2475,Hughes,67656,South Dakota
2476,Hutchinson,75370,South Dakota
2477,Hyde,76842,South Dakota
2478,Jackson,45622,South Dakota
2479,Jerauld,83863,South Dakota
2480,Jones,68393,South Dakota
2481,Kingsbury,81021,South Dakota
2482,Lake,89740,South Dakota
2483,Lawrence,75362,South Dakota
2484,Lincoln,88589,South Dakota
2485,Lyman,57455,South Dakota
2486,McCook,73312,South Dakota
2487,McPherson,78240,South Dakota
2488,Marshall,78539,South Dakota
2489,Meade,57635,South Dakota
2490,Mellette,49520,South Dakota
2491,Miner,82324,South Dakota
2492,Minnehaha,74873,South Dakota
2493,Moody,71327,South Dakota
2494,Oglala Lakota,36222,South Dakota
2495,Pennington,73485,South Dakota
2496,Perkins,53149,South Dakota
2497,Potter,78059,South Dakota
2498,Roberts,56917,South Dakota
2499,Sanborn,73160,South Dakota
2500,Spink,97495,South Dakota
2501,Stanley,79790,South Dakota
2502,Sully,98031,South Dakota
2503,Todd,37812,South Dakota
2504,Tripp,67191,South Dakota
2505,Turner,78376,South Dakota
2506,Union,139931,South Dakota
2507,Walworth,65619,South Dakota
2508,Yankton,70996,South Dakota
2509,Ziebach,37969,South Dakota
2512,Anderson,56260,Tennessee
2513,Bedford,47850,Tennessee
2514,Benton,43832,Tennessee
2515,Bledsoe,36038,Tennessee
2516,Blount,58447,Tennessee
2517,Bradley,50014,Tennessee
2518,Campbell,44694,Tennessee
2519,Cannon,48732,Tennessee
2520,Carroll,44182,Tennessee
2521,Carter,42833,Tennessee
2522,Cheatham,59907,Tennessee
2523,Chester,43542,Tennessee
2524,Claiborne,44367,Tennessee
2525,Clay,39424,Tennessee
2526,Cocke,42387,Tennessee
2527,Coffee,50163,Tennessee
2528,Crockett,50106,Tennessee
2529,Cumberland,48091,Tennessee
2530,Davidson,92496,Tennessee
2531,Decatur,52005,Tennessee
2532,DeKalb,50940,Tennessee
2533,Dickson,54986,Tennessee
2534,Dyer,53828,Tennessee
2535,Fayette,81728,Tennessee
2536,Fentress,43102,Tennessee
2537,Franklin,49891,Tennessee
2538,Gibson,49536,Tennessee
2539,Giles,47548,Tennessee
2540,Grainger,45678,Tennessee
2541,Greene,44945,Tennessee
2542,Grundy,40453,Tennessee
2543,Hamblen,50094,Tennessee
2544,Hamilton,65525,Tennessee
2545,Hancock,33223,Tennessee
2546,Hardeman,36966,Tennessee
2547,Hardin,47525,Tennessee
2548,Hawkins,44192,Tennessee
2549,Haywood,40397,Tennessee
2550,Henderson,48395,Tennessee
2551,Henry,55959,Tennessee
2552,Hickman,45298,Tennessee
2553,Houston,41112,Tennessee
2554,Humphreys,47364,Tennessee
2555,Jackson,40132,Tennessee
2556,Jefferson,48184,Tennessee
2557,Johnson,40345,Tennessee
2558,Knox,67323,Tennessee
2559,Lake,32554,Tennessee
2560,Lauderdale,41198,Tennessee
2561,Lawrence,43273,Tennessee
2562,Lewis,44554,Tennessee
2563,Lincoln,51229,Tennessee
2564,Loudon,70063,Tennessee
2565,McMinn,45629,Tennessee
2566,McNairy,40085,Tennessee
2567,Macon,41530,Tennessee
2568,Madison,55537,Tennessee
2569,Marion,51590,Tennessee
2570,Marshall,50555,Tennessee
2571,Maury,57191,Tennessee
2572,Meigs,41017,Tennessee
2573,Monroe,44350,Tennessee
2574,Montgomery,52478,Tennessee
2575,Moore,51017,Tennessee
2576,Morgan,40237,Tennessee
2577,Obion,51945,Tennessee
2578,Overton,42000,Tennessee
2579,Perry,37048,Tennessee
2580,Pickett,42545,Tennessee
2581,Polk,42519,Tennessee
2582,Putnam,51132,Tennessee
2583,Rhea,45745,Tennessee
2584,Roane,53353,Tennessee
2585,Robertson,56484,Tennessee
2586,Rutherford,54623,Tennessee
2587,Scott,39326,Tennessee
2588,Sequatchie,48254,Tennessee
2589,Sevier,57533,Tennessee
2590,Shelby,61979,Tennessee
2591,Smith,50388,Tennessee
2592,Stewart,50483,Tennessee
2593,Sullivan,54453,Tennessee
2594,Sumner,67865,Tennessee
2595,Tipton,52829,Tennessee
2596,Trousdale,40015,Tennessee
2597,Unicoi,45593,Tennessee
2598,Union,43407,Tennessee
2599,Van Buren,36828,Tennessee
2600,Warren,44375,Tennessee
2602,Wayne,38758,Washington
2603,Weakley,47451,Washington
2604,White,42866,Washington
2605,Williamson,128610,Washington
2606,Wilson,68675,Washington
2609,Anderson,46478,Texas
2610,Andrews,57526,Texas
2611,Angelina,51080,Texas
2612,Aransas,68361,Texas
2613,Archer,67573,Texas
2614,Armstrong,71357,Texas
2615,Atascosa,48387,Texas
2616,Austin,65441,Texas
2617,Bailey,57209,Texas
2618,Bandera,62073,Texas
2619,Bastrop,47331,Texas
2620,Baylor,62964,Texas
2621,Bee,37156,Texas
2622,Bell,51898,Texas
2623,Bexar,57096,Texas
2624,Blanco,78045,Texas
2625,Borden,155670,Texas
2626,Bosque,57123,Texas
2627,Bowie,51132,Texas
2628,Brazoria,60088,Texas
2629,Brazos,50236,Texas
2630,Brewster,58475,Texas
2631,Briscoe,62907,Texas
2632,Brooks,45257,Texas
2633,Brown,49825,Texas
2634,Burleson,61181,Texas
2635,Burnet,67112,Texas
2636,Caldwell,44202,Texas
2637,Calhoun,59827,Texas
2638,Callahan,54394,Texas
2639,Cameron,38523,Texas
2640,Camp,50426,Texas
2641,Carson,61595,Texas
2642,Cass,49130,Texas
2643,Castro,108479,Texas
2644,Chambers,65907,Texas
2645,Cherokee,46221,Texas
2646,Childress,44285,Texas
2647,Clay,57095,Texas
2648,Cochran,49855,Texas
2649,Coke,56377,Texas
2650,Coleman,62085,Texas
2651,Collin,86860,Texas
2652,Collingsworth,58742,Texas
2654,Comal,77224,Colorado
2655,Comanche,55417,Colorado
2656,Concho,41175,Colorado
2657,Cooke,62126,Colorado
2658,Coryell,39462,Colorado
2659,Cottle,106885,Colorado
2660,Crane,57616,Colorado
2661,Crockett,68799,Colorado
2662,Crosby,55085,Colorado
2663,Culberson,96410,Colorado
2664,Dallam,82618,Colorado
2665,Dallas,79626,Colorado
2666,Dawson,54953,Colorado
2667,Deaf Smith,75549,Colorado
2668,Delta,49467,Colorado
2669,Denton,77733,Colorado
2670,DeWitt,77489,Colorado
2671,Dickens,56301,Colorado
2672,Dimmit,55714,Colorado
2673,Donley,52905,Colorado
2674,Duval,52669,Colorado
2675,Eastland,56246,Colorado
2676,Ector,58961,Colorado
2677,Edwards,82497,Colorado
2678,Ellis,57977,Colorado
2679,El Paso,46753,Colorado
2680,Erath,53610,Colorado
2681,Falls,47110,Colorado
2682,Fannin,49380,Colorado
2683,Fayette,72230,Colorado
2684,Fisher,62676,Colorado
2685,Floyd,51829,Colorado
2686,Foard,65386,Colorado
2687,Fort Bend,73855,Colorado
2688,Franklin,56987,Colorado
2689,Freestone,47097,Colorado
2690,Frio,41270,Colorado
2691,Gaines,56478,Colorado
2692,Galveston,64574,Colorado
2693,Garza,49585,Colorado
2694,Gillespie,93310,Colorado
2695,Glasscock,132049,Colorado
2696,Goliad,62484,Colorado
2697,Gonzales,64553,Colorado
2698,Gray,53508,Colorado
2699,Grayson,55946,Colorado
2700,Gregg,59997,Colorado
2701,Grimes,44487,Colorado
2702,Guadalupe,58644,Colorado
2703,Hale,45103,Colorado
2704,Hall,49814,Colorado
2705,Hamilton,70580,Colorado
2706,Hansford,103818,Colorado
2707,Hardeman,60392,Colorado
2708,Hardin,56424,Colorado
2709,Harris,73862,Colorado
2710,Harrison,50269,Colorado
2711,Hartley,107013,Colorado
2712,Haskell,53538,Colorado
2713,Hays,64671,Colorado
2714,Hemphill,90724,Colorado
2715,Henderson,52297,Colorado
2716,Hidalgo,34373,Colorado
2717,Hill,52054,Colorado
2718,Hockley,53348,Colorado
2719,Hood,66521,Colorado
2720,Hopkins,55098,Colorado
2721,Houston,53657,Colorado
2722,Howard,66751,Colorado
2723,Hudspeth,41438,Colorado
2724,Hunt,50287,Colorado
2725,Hutchinson,52596,Colorado
2726,Irion,85857,Colorado
2727,Jack,52599,Colorado
2728,Jackson,54702,Colorado
2729,Jasper,53205,Colorado
2730,Jeff Davis,67092,Colorado
2731,Jefferson,50131,Colorado
2732,Jim Hogg,44294,Colorado
2733,Jim Wells,51458,Colorado
2734,Johnson,55487,Colorado
2735,Jones,41722,Colorado
2736,Karnes,83442,Colorado
2737,Kaufman,53843,Colorado
2738,Kendall,110116,Colorado
2739,Kenedy,45802,Colorado
2740,Kent,71715,Colorado
2741,Kerr,69038,Colorado
2742,Kimble,59148,Colorado
2743,King,139825,Colorado
2744,Kinney,44642,Colorado
2745,Kleberg,49333,Colorado
2746,Knox,52798,Colorado
2747,Lamar,51936,Colorado
2748,Lamb,63169,Colorado
2749,Lampasas,62665,Colorado
2750,La Salle,50247,Colorado
2751,Lavaca,71664,Colorado
2752,Lee,59542,Colorado
2753,Leon,62631,Colorado
2754,Liberty,44184,Colorado
2755,Limestone,52196,Colorado
2756,Lipscomb,141712,Colorado
2757,Live Oak,50483,Colorado
2758,Llano,72121,Colorado
2759,Loving,223419,Colorado
2760,Lubbock,54313,Colorado
2761,Lynn,65814,Colorado
2762,McCulloch,53630,Colorado
2763,McLennan,53941,Colorado
2764,McMullen,117599,Colorado
2765,Madison,45527,Colorado
2766,Marion,52570,Colorado
2767,Martin,107395,Colorado
2768,Mason,63450,Colorado
2769,Matagorda,53090,Colorado
2770,Maverick,41009,Colorado
2771,Medina,52854,Colorado
2772,Menard,52791,Colorado
2773,Midland,144532,Colorado
2774,Milam,51236,Colorado
2775,Mills,58522,Colorado
2776,Mitchell,40541,Colorado
2777,Montague,50251,Colorado
2778,Montgomery,78644,Colorado
2779,Moore,61988,Colorado
2780,Morris,50538,Colorado
2781,Motley,55185,Colorado
2782,Nacogdoches,50541,Colorado
2783,Navarro,46891,Colorado
2784,Newton,44866,Colorado
2785,Nolan,56320,Colorado
2786,Nueces,56833,Colorado
2787,Ochiltree,72100,Colorado
2788,Oldham,89268,Colorado
2789,Orange,51982,Colorado
2790,Palo Pinto,54995,Colorado
2791,Panola,60434,Colorado
2792,Parker,74009,Colorado
2793,Parmer,77006,Colorado
2794,Pecos,49691,Colorado
2795,Polk,49945,Colorado
2796,Potter,58933,Colorado
2797,Presidio,65420,Colorado
2798,Rains,44559,Colorado
2799,Randall,60604,Colorado
2800,Reagan,71887,Colorado
2801,Real,61576,Colorado
2802,Red River,55403,Colorado
2803,Reeves,76555,Colorado
2804,Refugio,57772,Colorado
2805,Roberts,64762,Colorado
2806,Robertson,58609,Colorado
2807,Rockwall,77307,Colorado
2808,Runnels,55707,Colorado
2809,Rusk,47312,Colorado
2810,Sabine,47303,Colorado
2811,San Augustine,58852,Colorado
2812,San Jacinto,47030,Colorado
2813,San Patricio,53429,Colorado
2814,San Saba,48235,Colorado
2815,Schleicher,61904,Colorado
2816,Scurry,54065,Colorado
2817,Shackelford,91109,Colorado
2818,Shelby,64203,Colorado
2819,Sherman,173932,Colorado
2820,Smith,66887,Colorado
2821,Somervell,62988,Colorado
2822,Starr,32785,Colorado
2823,Stephens,49206,Colorado
2824,Sterling,71876,Colorado
2825,Stonewall,95644,Colorado
2826,Sutton,75645,Colorado
2827,Swisher,85037,Colorado
2828,Tarrant,65765,Colorado
2829,Taylor,58181,Colorado
2830,Terrell,66721,Colorado
2831,Terry,49822,Colorado
2832,Throckmorton,53588,Colorado
2833,Titus,52359,Colorado
2834,Tom Green,65314,Colorado
2835,Travis,91887,Colorado
2836,Trinity,49195,Colorado
2837,Tyler,44662,Colorado
2838,Upshur,46654,Colorado
2839,Upton,88874,Colorado
2840,Uvalde,55211,Colorado
2841,Val Verde,50112,Colorado
2842,Van Zandt,48399,Colorado
2843,Victoria,58912,Colorado
2844,Walker,35913,Colorado
2845,Waller,55463,Colorado
2846,Ward,67647,Colorado
2848,Webb,42757,Washington
2849,Wharton,55902,Washington
2850,Wheeler,54067,Washington
2851,Wichita,55278,Washington
2852,Wilbarger,67115,Washington
2853,Willacy,35832,Washington
2854,Williamson,72828,Washington
2855,Wilson,59578,Washington
2856,Winkler,75821,Washington
2857,Wise,59092,Washington
2858,Wood,50764,Washington
2859,Yoakum,61028,Washington
2860,Young,69691,Washington
2861,Zapata,34154,Washington
2862,Zavala,47333,Washington
2865,Beaver,39982,Utah
2866,Box Elder,50990,Utah
2867,Cache,50603,Utah
2868,Carbon,49335,Utah
2869,Daggett,52788,Utah
2870,Davis,62449,Utah
2871,Duchesne,51352,Utah
2872,Emery,42317,Utah
2873,Garfield,53930,Utah
2874,Grand,77028,Utah
2875,Iron,42301,Utah
2876,Juab,52701,Utah
2877,Kane,53294,Utah
2878,Millard,49823,Utah
2879,Morgan,71630,Utah
2880,Piute,61075,Utah
2881,Rich,52239,Utah
2882,Salt Lake,71787,Utah
2883,San Juan,38753,Utah
2884,Sanpete,43717,Utah
2885,Sevier,46183,Utah
2886,Summit,259993,Utah
2887,Tooele,50274,Utah
2888,Uintah,41619,Utah
2890,Wasatch,92354,Utah
2892,Wayne,56495,Washington
2893,Weber,55832,Washington
2896,Addison,64395,Vermont
2897,Bennington,65638,Vermont
2898,Caledonia,53640,Vermont
2899,Chittenden,76222,Vermont
2900,Essex,47952,Vermont
2901,Franklin,57298,Vermont
2902,Grand Isle,74532,Vermont
2903,Lamoille,68121,Vermont
2904,Orange,59235,Vermont
2905,Orleans,55293,Vermont
2906,Rutland,61702,Vermont
2908,Windham,59401,Washington
2909,Windsor,72177,Washington
2912,Accomack,52443,Virginia
2913,Amelia,54587,Virginia
2914,Amherst,47385,Virginia
2915,Appomattox,47873,Virginia
2916,Arlington,124345,Virginia
2917,Bath,77195,Virginia
2918,Bedford,57877,Virginia
2919,Bland,46796,Virginia
2920,Botetourt,64012,Virginia
2921,Brunswick,45693,Virginia
2922,Buchanan,49335,Virginia
2923,Buckingham,39823,Virginia
2924,Caroline,54299,Virginia
2925,Charles City,61647,Virginia
2926,Charlotte,47697,Virginia
2927,Chesterfield,66800,Virginia
2928,Clarke,82974,Virginia
2929,Craig,50734,Virginia
2930,Culpeper,60129,Virginia
2931,Cumberland,48063,Virginia
2932,Dickenson,44423,Virginia
2933,Essex,55859,Virginia
2934,Fauquier,86886,Virginia
2935,Floyd,53008,Virginia
2936,Fluvanna,57422,Virginia
2937,Franklin,55820,Virginia
2938,Giles,53100,Virginia
2939,Gloucester,61214,Virginia
2940,Goochland,125932,Virginia
2941,Grayson,40784,Virginia
2942,Greene,55760,Virginia
2943,Halifax,47960,Virginia
2944,Hanover,77005,Virginia
2945,Henrico,77783,Virginia
2946,Highland,50924,Virginia
2947,Isle of Wight,69100,Virginia
2948,King and Queen,59339,Virginia
2949,King George,65579,Virginia
2950,King William,57290,Virginia
2951,Lancaster,82071,Virginia
2952,Lee,41822,Virginia
2953,Loudoun,102229,Virginia
2954,Louisa,52957,Virginia
2955,Lunenburg,41578,Virginia
2956,Madison,60259,Virginia
2957,Mathews,72439,Virginia
2958,Mecklenburg,49625,Virginia
2959,Middlesex,66200,Virginia
2960,Nelson,67990,Virginia
2961,New Kent,124129,Virginia
2962,Northampton,65814,Virginia
2963,Northumberland,64899,Virginia
2964,Nottoway,46746,Virginia
2965,Orange,62886,Virginia
2966,Page,49221,Virginia
2967,Patrick,42956,Virginia
2968,Powhatan,72006,Virginia
2969,Prince Edward,42333,Virginia
2970,Pulaski,51836,Virginia
2971,Rappahannock,89727,Virginia
2972,Richmond,44081,Virginia
2973,Russell,43189,Virginia
2974,Scott,43448,Virginia
2975,Shenandoah,56651,Virginia
2976,Smyth,48244,Virginia
2977,Stafford,68098,Virginia
2978,Surry,55365,Virginia
2979,Sussex,39253,Virginia
2980,Tazewell,48157,Virginia
2981,Warren,59324,Virginia
2982,Westmoreland,53452,Virginia
2983,Wythe,47343,Virginia
2985,Alexandria,115144,Virginia
2986,Chesapeake,62736,Virginia
2987,Hampton,52364,Virginia
2988,Newport News,50764,Virginia
2989,Norfolk,51434,Virginia
2990,Portsmouth,48985,Virginia
2991,Richmond,76912,Virginia
2992,Roanoke,56075,Virginia
2993,Suffolk,66130,Virginia
2994,Virginia Beach,72091,Virginia
2996,Albemarle + Charlottesville,102987,Virginia
2997,Alleghany + Covington,49149,Virginia
2998,"Augusta, Staunton + Waynesboro",55929,Virginia
2999,Campbell + Lynchburg,48550,Virginia
3000,Carroll + Galax,47671,Virginia
3001,"Dinwiddie, Colonial Heights + Petersburg",49623,Virginia
3002,"Fairfax, Fairfax City + Falls Church",108855,Virginia
3003,Frederick + Winchester,65119,Virginia
3004,Greensville + Emporia,42214,Virginia
3005,Henry + Martinsville,50015,Virginia
3006,James City + Williamsburg,81761,Virginia
3007,Montgomery + Radford,49735,Virginia
3008,Pittsylvania + Danville,48769,Virginia
3009,Prince George + Hopewell,42550,Virginia
3010,"Prince William, Manassas + Manassas Park",68164,Virginia
3011,Roanoke + Salem,63792,Virginia
3012,"Rockbridge, Buena Vista + Lexington",51661,Virginia
3013,Rockingham + Harrisonburg,51573,Virginia
3014,Southampton + Franklin,53011,Virginia
3015,Spotsylvania + Fredericksburg,65590,Virginia
3016,Washington + Bristol,50667,Virginia
3017,Wise + Norton,44131,Virginia
3018,York + Poquoson,73221,Virginia
3021,Adams,52466,Washington
3022,Asotin,57199,Washington
3023,Benton,56969,Washington
3024,Chelan,68356,Washington
3025,Clallam,60321,Washington
3026,Clark,69318,Washington
3027,Columbia,62070,Washington
3028,Cowlitz,57947,Washington
3029,Douglas,51926,Washington
3030,Ferry,47534,Washington
3031,Franklin,48029,Washington
3032,Garfield,57405,Washington
3033,Grant,49727,Washington
3034,Grays Harbor,49968,Washington
3035,Island,70094,Washington
3036,Jefferson,68457,Washington
3037,King,122235,Washington
3038,Kitsap,73841,Washington
3039,Kittitas,60053,Washington
3040,Klickitat,57126,Washington
3041,Lewis,59759,Washington
3042,Lincoln,51607,Washington
3043,Mason,54701,Washington
3044,Okanogan,52446,Washington
3045,Pacific,50282,Washington
3046,Pend Oreille,52605,Washington
3047,Pierce,65188,Washington
3048,San Juan,93395,Washington
3049,Skagit,67173,Washington
3050,Skamania,67073,Washington
3051,Snohomish,75320,Washington
3052,Spokane,58630,Washington
3053,Stevens,49484,Washington
3054,Thurston,65892,Washington
3055,Wahkiakum,54133,Washington
3056,Walla Walla,56420,Washington
3057,Whatcom,62095,Washington
3058,Whitman,48522,Washington
3059,Yakima,51488,Washington
3062,Barbour,42530,West Virginia
3063,Berkeley,54940,West Virginia
3064,Boone,43398,West Virginia
3065,Braxton,42520,West Virginia
3066,Brooke,53325,West Virginia
3067,Cabell,54209,West Virginia
3068,Calhoun,44580,West Virginia
3069,Clay,41070,West Virginia
3070,Doddridge,40875,West Virginia
3071,Fayette,47212,West Virginia
3072,Gilmer,38947,West Virginia
3073,Grant,47890,West Virginia
3074,Greenbrier,50142,West Virginia
3075,Hampshire,46417,West Virginia
3076,Hancock,53854,West Virginia
3077,Hardy,43439,West Virginia
3078,Harrison,63351,West Virginia
3079,Jackson,48978,West Virginia
3080,Jefferson,66514,West Virginia
3081,Kanawha,61400,West Virginia
3082,Lewis,46994,West Virginia
3083,Lincoln,38761,West Virginia
3084,Logan,46862,West Virginia
3085,McDowell,35813,West Virginia
3086,Marion,51911,West Virginia
3087,Marshall,51767,West Virginia
3088,Mason,44435,West Virginia
3089,Mercer,48086,West Virginia
3090,Mineral,49484,West Virginia
3091,Mingo,39157,West Virginia
3092,Monongalia,58418,West Virginia
3093,Monroe,42813,West Virginia
3094,Morgan,45801,West Virginia
3095,Nicholas,44299,West Virginia
3097,Pendleton,52532,Ohio
3098,Pleasants,53911,Ohio
3099,Pocahontas,53487,Ohio
3100,Preston,44252,Ohio
3101,Putnam,58105,Ohio
3102,Raleigh,51780,Ohio
3103,Randolph,48669,Ohio
3104,Ritchie,57425,Ohio
3105,Roane,41660,Ohio
3106,Summers,46136,Ohio
3107,Taylor,52597,Ohio
3108,Tucker,57622,Ohio
3109,Tyler,62069,Ohio
3110,Upshur,45382,Ohio
3111,Wayne,44163,Ohio
3112,Webster,34445,Ohio
3113,Wetzel,47984,Ohio
3114,Wirt,44759,Ohio
3115,Wood,58971,Ohio
3119,Adams,46249,Wisconsin
3120,Ashland,49350,Wisconsin
3121,Barron,60564,Wisconsin
3122,Bayfield,55598,Wisconsin
3123,Brown,65199,Wisconsin
3124,Buffalo,57210,Wisconsin
3125,Burnett,51815,Wisconsin
3126,Calumet,61851,Wisconsin
3127,Chippewa,56815,Wisconsin
3128,Clark,50617,Wisconsin
3129,Columbia,67169,Wisconsin
3130,Crawford,51946,Wisconsin
3131,Dane,77996,Wisconsin
3132,Dodge,55856,Wisconsin
3133,Door,78073,Wisconsin
3134,Douglas,52634,Wisconsin
3135,Dunn,50772,Wisconsin
3136,Eau Claire,60575,Wisconsin
3137,Florence,66422,Wisconsin
3138,Fond du Lac,60018,Wisconsin
3139,Forest,49367,Wisconsin
3140,Grant,53781,Wisconsin
3141,Green,65549,Wisconsin
3142,Green Lake,53073,Wisconsin
3144,Iron,56207,Iowa
3145,Jackson,52237,Iowa
3146,Jefferson,58374,Iowa
3147,Juneau,49419,Iowa
3148,Kenosha,60599,Iowa
3149,Kewaunee,58406,Iowa
3150,La Crosse,62336,Iowa
3151,Lafayette,55006,Iowa
3152,Langlade,53770,Iowa
3153,Lincoln,56296,Iowa
3154,Manitowoc,57585,Iowa
3155,Marathon,62707,Iowa
3156,Marinette,53841,Iowa
3157,Marquette,51068,Iowa
3158,Menominee,42070,Iowa
3159,Milwaukee,60114,Iowa
3160,Monroe,52978,Iowa
3161,Oconto,55183,Iowa
3162,Oneida,60846,Iowa
3163,Outagamie,64867,Iowa
3164,Ozaukee,104780,Iowa
3165,Pepin,64105,Iowa
3166,Pierce,61101,Iowa
3167,Polk,57391,Iowa
3168,Portage,57490,Iowa
3169,Price,55355,Iowa
3170,Racine,62570,Iowa
3171,Richland,53743,Iowa
3172,Rock,56319,Iowa
3173,Rusk,55836,Iowa
3174,St. Croix,70354,Iowa
3175,Sauk,66107,Iowa
3176,Sawyer,54542,Iowa
3177,Shawano,51974,Iowa
3178,Sheboygan,63878,Iowa
3179,Taylor,50834,Iowa
3180,Trempealeau,52737,Iowa
3181,Vernon,52023,Iowa
3182,Vilas,65477,Iowa
3183,Walworth,67665,Iowa
3184,Washburn,58092,Iowa
3186,Waukesha,91766,Washington
3187,Waupaca,56482,Washington
3188,Waushara,48666,Washington
3189,Winnebago,60180,Washington
3190,Wood,56746,Washington
3193,Albany,54052,Wyoming
3194,Big Horn,50641,Wyoming
3195,Campbell,62147,Wyoming
3196,Carbon,68521,Wyoming
3197,Converse,70943,Wyoming
3198,Crook,63785,Wyoming
3199,Fremont,56891,Wyoming
3200,Goshen,54733,Wyoming
3201,Hot Springs,63816,Wyoming
3202,Johnson,70887,Wyoming
3203,Laramie,65150,Wyoming
3204,Lincoln,73432,Wyoming
3205,Natrona,79846,Wyoming
3206,Niobrara,59399,Wyoming
3207,Park,77015,Wyoming
3208,Platte,59292,Wyoming
3209,Sheridan,73622,Wyoming
3210,Sublette,70620,Wyoming
3211,Sweetwater,64115,Wyoming
3212,Teton,471751,Wyoming
3213,Uinta,49350,Wyoming
3214,Washakie,57474,Wyoming
3215,Weston,54380,Wyoming
